contrast,split,source_model,target_model,index,audio,query,delta_iou,source_prediction,target_prediction,ground_truth
exchange_increment,relation,no_exchange_seed0,rbee_seed0,12,esc_test_10001_v1.wav,crying baby followed by keyboard typing,-0.01834663897362665,"[[17.7, 28.3]]","[[17.7, 28.5]]","[[17.65, 28.3]]"
exchange_increment,relation,no_exchange_seed0,rbee_seed0,19,esc_test_10002_v0.wav,"sea waves, and then rooster",-0.2682926829268293,"[[14.75, 24.75]]","[[14.75, 22.0]]","[[14.75, 25.0]]"
exchange_increment,relation,no_exchange_seed0,rbee_seed0,58,esc_test_10007_v0.wav,"dog, and then rooster",-0.006128364389233976,"[[1.6, 9.0], [14.75, 16.75], [20.0, 25.0]]","[[1.6, 9.0], [14.75, 17.0], [20.0, 25.0]]","[[1.5, 11.75]]"
exchange_increment,relation,no_exchange_seed0,rbee_seed0,69,esc_test_10008_v1.wav,vacuum cleaner followed by crying baby,-0.027145284621920118,"[[1.97, 12.67]]","[[1.97, 12.97]]","[[2.0, 12.65]]"
exchange_increment,relation,no_exchange_seed0,rbee_seed0,76,esc_test_10009_v1.wav,clapping followed by fireworks,-0.028169014084507116,"[[17.65, 28.3]]","[[17.65, 28.0]]","[[17.65, 28.3]]"
exchange_increment,relation,no_exchange_seed0,rbee_seed0,78,esc_test_10009_v1.wav,"clapping, and then fireworks",-0.028169014084507116,"[[17.65, 28.3]]","[[17.65, 28.0]]","[[17.65, 28.3]]"
exchange_increment,relation,no_exchange_seed0,rbee_seed0,93,esc_test_10011_v1.wav,vacuum cleaner followed by clapping,-0.0015939147240155993,"[[1.957, 12.659]]","[[1.957, 12.624]]","[[2.0, 12.65]]"
exchange_increment,relation,no_exchange_seed0,rbee_seed0,109,esc_test_10013_v1.wav,clapping followed by chainsaw,-0.5,"[[2.0, 23.3]]","[[23.3, 28.3]]","[[2.0, 12.65]]"
exchange_increment,relation,no_exchange_seed0,rbee_seed0,148,esc_test_10018_v1.wav,sea waves followed by vacuum cleaner,-0.031818181818181634,"[[17.65, 28.3]]","[[17.65, 28.65]]","[[17.65, 28.3]]"
exchange_increment,relation,no_exchange_seed0,rbee_seed0,151,esc_test_10018_v1.wav,"vacuum cleaner, and then sea waves",-0.3168835483130834,"[[1.957, 12.659]]","[[1.957, 12.659], [17.659, 22.659]]","[[2.0, 12.65]]"
exchange_increment,relation,no_exchange_seed0,rbee_seed0,152,esc_test_10019_v0.wav,chainsaw followed by vacuum cleaner,-0.47560975609756095,"[[2.0, 11.75]]","[[2.0, 11.75], [14.75, 25.0]]","[[1.5, 11.75]]"
exchange_increment,relation,no_exchange_seed0,rbee_seed0,156,esc_test_10019_v1.wav,chainsaw followed by vacuum cleaner,-0.00023029886882530715,"[[1.97, 28.3]]","[[1.957, 28.302]]","[[17.65, 28.3]]"
exchange_increment,relation,no_exchange_seed0,rbee_seed0,157,esc_test_10019_v1.wav,vacuum cleaner followed by chainsaw,-0.008083140877597983,"[[2.0, 12.65], [17.65, 28.3]]","[[2.0, 12.65], [17.65, 28.65]]","[[2.0, 12.65]]"
exchange_increment,relation,no_exchange_seed0,rbee_seed0,181,esc_test_10022_v1.wav,thunderstorm followed by fireworks,-0.002808988764044895,"[[2.0, 12.65]]","[[1.97, 12.65]]","[[2.0, 12.65]]"
exchange_increment,relation,no_exchange_seed0,rbee_seed0,191,esc_test_10023_v1.wav,"thunderstorm, and then clapping",-0.002808988764044895,"[[2.0, 12.65]]","[[1.97, 12.65]]","[[2.0, 12.65]]"
exchange_increment,relation,no_exchange_seed0,rbee_seed0,193,esc_test_10024_v0.wav,crying baby followed by clapping,-0.07804878048780495,"[[14.8, 24.8]]","[[14.8, 24.0]]","[[14.75, 25.0]]"
exchange_increment,relation,no_exchange_seed0,rbee_seed0,195,esc_test_10024_v0.wav,"crying baby, and then clapping",-0.07804878048780495,"[[14.8, 24.8]]","[[14.8, 24.0]]","[[14.75, 25.0]]"
exchange_increment,relation,no_exchange_seed0,rbee_seed0,238,esc_test_10029_v1.wav,"rooster, and then thunderstorm",-0.0046948356807512415,"[[17.65, 28.25]]","[[17.65, 28.2]]","[[17.65, 28.3]]"
exchange_increment,relation,no_exchange_seed0,rbee_seed0,286,esc_test_10035_v1.wav,"crying baby, and then sea waves",-0.49285714285714266,"[[17.65, 28.3]]","[[7.65, 28.65]]","[[17.65, 28.3]]"
exchange_increment,relation,no_exchange_seed0,rbee_seed0,305,esc_test_10038_v0.wav,keyboard typing followed by fireworks,-0.5745701719312275,"[[14.75, 24.0]]","[[6.75, 11.75], [14.75, 19.75]]","[[14.75, 25.0]]"
exchange_increment,relation,no_exchange_seed1,rbee_seed1,0,esc_test_10000_v0.wav,crying baby followed by dog,-0.04878048780487809,"[[1.5, 8.5]]","[[1.5, 8.0]]","[[1.5, 11.75]]"
exchange_increment,relation,no_exchange_seed1,rbee_seed1,1,esc_test_10000_v0.wav,dog followed by crying baby,-0.052864435621100325,"[[15.4, 25.0]]","[[15.5, 25.5]]","[[14.75, 25.0]]"
exchange_increment,relation,no_exchange_seed1,rbee_seed1,12,esc_test_10001_v1.wav,crying baby followed by keyboard typing,-0.0016031814492030172,"[[17.67, 28.67]]","[[17.679, 28.679]]","[[17.65, 28.3]]"
exchange_increment,relation,no_exchange_seed1,rbee_seed1,58,esc_test_10007_v0.wav,"dog, and then rooster",-0.11309109009457441,"[[1.6, 8.7]]","[[1.6, 8.7], [14.75, 16.75]]","[[1.5, 11.75]]"
exchange_increment,relation,no_exchange_seed1,rbee_seed1,71,esc_test_10008_v1.wav,"vacuum cleaner, and then crying baby",-0.026574736125297926,"[[1.97, 12.624]]","[[1.97, 12.97]]","[[2.0, 12.65]]"
exchange_increment,relation,no_exchange_seed1,rbee_seed1,88,esc_test_10011_v0.wav,clapping followed by vacuum cleaner,-0.11319383900029062,"[[1.5, 20.0]]","[[1.5, 24.75]]","[[1.5, 11.75]]"
exchange_increment,relation,no_exchange_seed1,rbee_seed1,93,esc_test_10011_v1.wav,vacuum cleaner followed by clapping,-0.000164069196841643,"[[2.0, 12.6]]","[[1.957, 12.659]]","[[2.0, 12.65]]"
exchange_increment,relation,no_exchange_seed1,rbee_seed1,151,esc_test_10018_v1.wav,"vacuum cleaner, and then sea waves",-0.002808988764044895,"[[2.0, 12.65]]","[[1.97, 12.65]]","[[2.0, 12.65]]"
exchange_increment,relation,no_exchange_seed1,rbee_seed1,158,esc_test_10019_v1.wav,"chainsaw, and then vacuum cleaner",-0.00023029886882530715,"[[1.97, 28.3]]","[[1.957, 28.302]]","[[17.65, 28.3]]"
exchange_increment,relation,no_exchange_seed1,rbee_seed1,204,esc_test_10025_v1.wav,dog followed by thunderstorm,-0.0046948356807512415,"[[17.75, 28.3]]","[[17.75, 28.25]]","[[17.65, 28.3]]"
exchange_increment,relation,no_exchange_seed1,rbee_seed1,209,esc_test_10026_v0.wav,thunderstorm followed by sea waves,-0.4305555555555556,"[[14.75, 25.0]]","[[7.0, 25.0]]","[[14.75, 25.0]]"
exchange_increment,relation,no_exchange_seed1,rbee_seed1,211,esc_test_10026_v0.wav,"thunderstorm, and then sea waves",-0.00487804878048792,"[[14.75, 25.0]]","[[14.8, 25.0]]","[[14.75, 25.0]]"
exchange_increment,relation,no_exchange_seed1,rbee_seed1,219,esc_test_10027_v0.wav,"rooster, and then keyboard typing",-0.07317073170731703,"[[15.0, 24.8]]","[[15.75, 24.8]]","[[14.75, 25.0]]"
exchange_increment,relation,no_exchange_seed1,rbee_seed1,223,esc_test_10027_v1.wav,"rooster, and then keyboard typing",-0.0008416721219489665,"[[1.957, 11.855]]","[[1.957, 11.846]]","[[2.0, 12.65]]"
exchange_increment,relation,no_exchange_seed1,rbee_seed1,254,esc_test_10031_v1.wav,"keyboard typing, and then sea waves",-0.461038961038961,"[[17.65, 28.65]]","[[7.65, 28.65]]","[[17.65, 28.3]]"
exchange_increment,relation,no_exchange_seed1,rbee_seed1,263,esc_test_10032_v1.wav,"rooster, and then crying baby",-0.3939937402190923,"[[2.374, 12.65]]","[[2.374, 12.65], [17.65, 22.65], [23.65, 26.0]]","[[2.0, 12.65]]"
exchange_increment,relation,no_exchange_seed1,rbee_seed1,292,esc_test_10036_v1.wav,dog followed by keyboard typing,-0.461038961038961,"[[17.65, 28.65]]","[[7.65, 28.65]]","[[17.65, 28.3]]"
exchange_increment,relation,no_exchange_seed1,rbee_seed1,294,esc_test_10036_v1.wav,"dog, and then keyboard typing",-0.47062033216246624,"[[17.65, 28.0]]","[[7.65, 28.0]]","[[17.65, 28.3]]"
exchange_increment,relation,no_exchange_seed1,rbee_seed1,301,esc_test_10037_v1.wav,sea waves followed by chainsaw,-0.0006515748358389972,"[[1.957, 12.65]]","[[1.97, 12.67]]","[[2.0, 12.65]]"
exchange_increment,relation,no_exchange_seed1,rbee_seed1,307,esc_test_10038_v0.wav,"keyboard typing, and then fireworks",-0.5745701719312275,"[[14.75, 24.0]]","[[6.75, 11.75], [14.75, 19.75]]","[[14.75, 25.0]]"
exchange_increment,relation,no_exchange_seed1,rbee_seed1,317,esc_test_10039_v1.wav,vacuum cleaner followed by rooster,-0.002424587364826314,"[[2.0, 19.5]]","[[2.0, 19.57]]","[[2.0, 12.65]]"
exchange_increment,relation,no_exchange_seed2,rbee_seed2,2,esc_test_10000_v0.wav,"crying baby, and then dog",-0.04390243902439017,"[[1.5, 8.45]]","[[1.5, 8.0]]","[[1.5, 11.75]]"
exchange_increment,relation,no_exchange_seed2,rbee_seed2,36,esc_test_10004_v1.wav,clapping followed by keyboard typing,-0.004672897196261738,"[[17.65, 28.3]]","[[17.65, 28.35]]","[[17.65, 28.3]]"
exchange_increment,relation,no_exchange_seed2,rbee_seed2,58,esc_test_10007_v0.wav,"dog, and then rooster",-0.15673469387755096,"[[1.6, 8.7], [14.75, 16.75]]","[[1.6, 9.0], [14.75, 17.0], [20.0, 25.0]]","[[1.5, 11.75]]"
exchange_increment,relation,no_exchange_seed2,rbee_seed2,71,esc_test_10008_v1.wav,"vacuum cleaner, and then crying baby",-0.027145284621920118,"[[1.97, 12.67]]","[[1.97, 12.97]]","[[2.0, 12.65]]"
exchange_increment,relation,no_exchange_seed2,rbee_seed2,73,esc_test_10009_v0.wav,fireworks followed by clapping,-0.18473978302096927,"[[16.5, 25.58]]","[[8.5, 25.58]]","[[14.75, 25.0]]"
exchange_increment,relation,no_exchange_seed2,rbee_seed2,87,esc_test_10010_v1.wav,"vacuum cleaner, and then fireworks",-0.4928571428571429,"[[2.0, 12.65]]","[[2.0, 12.65], [17.65, 28.0]]","[[2.0, 12.65]]"
exchange_increment,relation,no_exchange_seed2,rbee_seed2,130,esc_test_10016_v0.wav,"chainsaw, and then dog",-0.004878048780487809,"[[1.6, 11.75]]","[[1.65, 11.75]]","[[1.5, 11.75]]"
exchange_increment,relation,no_exchange_seed2,rbee_seed2,186,esc_test_10023_v0.wav,"clapping, and then thunderstorm",-0.009967166979362063,"[[1.5, 11.9]]","[[1.5, 11.5]]","[[1.5, 11.75]]"
exchange_increment,relation,no_exchange_seed2,rbee_seed2,237,esc_test_10029_v1.wav,thunderstorm followed by rooster,-0.0022419159149653645,"[[2.0, 10.5]]","[[1.97, 10.5]]","[[2.0, 12.65]]"
exchange_increment,relation,no_exchange_seed2,rbee_seed2,261,esc_test_10032_v1.wav,rooster followed by crying baby,-0.0009231047162059358,"[[2.35, 12.65]]","[[2.355, 12.655]]","[[2.0, 12.65]]"
exchange_increment,public,no_exchange_seed0,rbee_seed0,1,_Uro9suV3xU_45_135.wav,hair dryer drying,-0.031015507753875737,"[[80.802, 84.124]]","[[80.802, 84.0]]","[[81.0, 84.8]]"
exchange_increment,public,no_exchange_seed0,rbee_seed0,12,THhP1idrWXA_0_60.wav,people coughing,-0.06863636363636161,"[[37.874, 40.0]]","[[37.874, 38.874]]","[[37.8, 39.4]]"
exchange_increment,public,no_exchange_seed0,rbee_seed0,110,hZfIwRPjkvM_30_90.wav,dog howling,-0.005649717514124353,"[[42.302, 59.902]]","[[42.402, 59.902]]","[[42.3, 44.7], [51.4, 60.0]]"
exchange_increment,public,no_exchange_seed0,rbee_seed0,113,6_VlZuPDOSM_150_210.wav,driving motorcycle,-1.969521767708482e-05,"[[18.124, 26.513], [50.374, 56.513]]","[[18.124, 26.51], [50.374, 56.51]]","[[19.1, 26.2], [50.4, 56.6]]"
exchange_increment,public,no_exchange_seed0,rbee_seed0,118,Ud0MIgXET3g_0_62.wav,female singing,-0.021063062678164463,"[[7.51, 11.01], [58.738, 61.92]]","[[7.51, 11.01], [58.965, 61.965]]","[[54.2, 61.3]]"
exchange_increment,public,no_exchange_seed0,rbee_seed0,135,OMkEVX23BdM_0_31.wav,lions roaring,-0.003619497585332754,"[[19.291, 27.513]]","[[19.235, 27.513]]","[[19.4, 23.6], [24.4, 29.9]]"
exchange_increment,public,no_exchange_seed0,rbee_seed0,138,FidGPhNC4sc_0_60.wav,machine gun shooting,-0.005029428620811904,"[[37.902, 49.51], [57.124, 59.957]]","[[37.902, 49.51], [57.238, 59.902]]","[[38.0, 41.9], [43.3, 44.4], [45.6, 49.8], [57.0, 58.9]]"
exchange_increment,public,no_exchange_seed0,rbee_seed0,143,QW_m5t16010_82_118.wav,orchestra,-0.018796992481203034,"[[0.0, 13.5]]","[[0.0, 13.0]]","[[2.0, 26.6]]"
exchange_increment,public,no_exchange_seed0,rbee_seed0,149,l22_mm7qDoI_0_60.wav,people cheering,-0.0003834876269227516,"[[36.902, 39.513], [48.513, 51.513]]","[[36.902, 39.51], [48.51, 51.51]]","[[10.0, 20.0], [37.2, 41.0], [48.7, 52.3]]"
exchange_increment,public,no_exchange_seed0,rbee_seed0,150,l22_mm7qDoI_79_139.wav,people cheering,-0.011979279084826322,"[[7.235, 13.624], [28.457, 31.457]]","[[7.235, 13.624], [28.457, 31.235]]","[[7.4, 13.6], [29.1, 40.6]]"
exchange_increment,public,no_exchange_seed0,rbee_seed0,153,1Y-C9RMyaQQ_0_53.wav,people coughing,-0.5725952315702936,"[[44.0, 52.9]]","[[4.802, 6.0]]","[[5.8, 6.4], [46.5, 52.2]]"
exchange_increment,public,no_exchange_seed0,rbee_seed0,154,1Y-C9RMyaQQ_53_77.wav,people coughing,-0.024999999999999856,"[[5.902, 7.0]]","[[5.957, 7.0]]","[[2.8, 3.1], [5.8, 7.1], [9.3, 9.9]]"
exchange_increment,public,no_exchange_seed0,rbee_seed0,156,ATv_bcvl_68_0_60.wav,people eating,-0.006704742803388064,"[[36.302, 39.0], [52.6, 59.9]]","[[36.235, 39.0], [52.624, 59.902]]","[[52.4, 60.0]]"
exchange_increment,public,no_exchange_seed0,rbee_seed0,157,5TyhXTdRTmo_0_75.wav,people eating,-0.010816820271477456,"[[60.0, 74.902]]","[[59.701, 74.902]]","[[66.6, 75.0]]"
exchange_increment,public,no_exchange_seed0,rbee_seed0,158,Y8Ku0WMqT1I_0_60.wav,people laughing,-0.2024500747778659,"[[23.51, 24.51], [38.51, 39.51], [48.01, 49.01], [52.91, 53.91]]","[[23.51, 24.51], [38.51, 39.51], [48.01, 49.01]]","[[23.3, 24.1], [52.8, 53.8]]"
exchange_increment,public,no_exchange_seed0,rbee_seed0,161,kw6sagBOLw0_36_96.wav,people nose blowing,-0.0032089662484430237,"[[21.957, 25.0], [32.5, 33.5], [43.624, 44.624]]","[[21.902, 25.0], [32.5, 33.5], [43.65, 44.65]]","[[22.0, 23.5]]"
exchange_increment,public,no_exchange_seed0,rbee_seed0,182,_5TXy_J6xJI_120_180.wav,playing badminton,-0.032357473035438844,"[[44.0, 48.0], [58.5, 59.5]]","[[44.0, 48.0], [54.0, 55.0]]","[[42.2, 43.1], [45.4, 49.2], [54.3, 60.0]]"
exchange_increment,public,no_exchange_seed0,rbee_seed0,184,Tm4ZJWTQXng_0_90.wav,playing banjo,-0.001334243952962888,"[[0.0, 18.874]]","[[0.0, 18.902]]","[[1.1, 18.1]]"
exchange_increment,public,no_exchange_seed0,rbee_seed0,199,26buZudMN-M_0_75.wav,playing erhu,-0.0001739826017393975,"[[34.51, 44.51]]","[[34.701, 44.701]]","[[34.7, 36.5], [38.8, 44.4]]"
exchange_increment,public,no_exchange_seed0,rbee_seed0,200,eZOya7BqOc0_270_330.wav,playing flute,-0.007777777777776995,"[[43.659, 47.846]]","[[43.65, 47.802]]","[[43.5, 44.9], [46.2, 48.0]]"
exchange_increment,public,no_exchange_seed0,rbee_seed0,211,X5wA7DSspmc_400_449.wav,playing snare drum,-0.2758215962441327,"[[26.15, 27.15], [29.15, 30.15]]","[[26.15, 27.15], [29.15, 30.15], [37.3, 40.15], [43.3, 45.15]]","[[25.9, 26.7], [29.0, 29.6]]"
exchange_increment,public,no_exchange_seed0,rbee_seed0,236,1-KvIEU03yc_320_380.wav,rope skipping,-0.010416666666666852,"[[10.65, 18.0], [26.0, 35.0]]","[[10.65, 18.0], [26.2, 35.0]]","[[10.6, 19.7], [25.0, 35.1]]"
exchange_increment,public,no_exchange_seed0,rbee_seed0,246,EM7GxFZ7uSo_148_205.wav,skateboarding,-0.0177057205210875,"[[0.0, 1.0], [10.0, 11.0], [17.0, 18.0], [21.0, 22.0], [26.0, 27.0], [31.0, 32.0], [41.0, 42.0]]","[[0.0, 56.902]]","[[26.4, 31.6]]"
exchange_increment,public,no_exchange_seed0,rbee_seed0,257,_Gg3M-GF9sE_3_63.wav,train horning,-0.00016666666666687036,"[[48.0, 59.902]]","[[48.0, 59.9]]","[[48.4, 51.5], [54.0, 55.8], [57.6, 60.0]]"
exchange_increment,public,no_exchange_seed0,rbee_seed0,275,0mZQ6Q-viPw_0_33.wav,dog barking,-0.046666666666666856,"[[0.0, 2.0]]","[[0.0, 1.902]]","[[0.4, 2.1]]"
exchange_increment,public,no_exchange_seed0,rbee_seed0,279,s9d-2nhuJCQ_30_90.wav,people clapping,-0.023371506794430893,"[[0.0, 59.902]]","[[0.0, 5.0]]","[[7.3, 8.7]]"
exchange_increment,public,no_exchange_seed0,rbee_seed0,298,vqOmk5fQM68_190_240.wav,playing clarinet,-0.03258129736531601,"[[23.75, 25.0], [39.624, 40.624], [48.25, 49.902]]","[[23.701, 25.0], [39.601, 40.601], [48.5, 49.5]]","[[23.6, 24.9], [39.6, 40.5], [48.9, 49.9]]"
exchange_increment,public,no_exchange_seed0,rbee_seed0,322,IxffSFoVK78_240_300.wav,playing saxophone,-0.005177096266460901,"[[28.374, 33.0], [49.701, 54.0]]","[[28.374, 33.0], [49.65, 54.0]]","[[28.3, 33.2], [49.8, 54.1]]"
exchange_increment,public,no_exchange_seed0,rbee_seed0,335,fBgbJcDjsLs_25_68.wav,playing trumpet,-0.009199446385457555,"[[20.874, 24.238], [33.238, 36.51]]","[[20.874, 24.124], [33.291, 36.51]]","[[20.9, 24.9], [33.5, 36.9]]"
exchange_increment,public,no_exchange_seed0,rbee_seed0,368,YJ2O7vQfeiE_155_215.wav,playing erhu,-0.1679920536524916,"[[46.791, 51.374], [54.465, 58.874]]","[[46.791, 58.957]]","[[46.8, 51.6], [54.3, 58.1]]"
exchange_increment,public,no_exchange_seed0,rbee_seed0,369,Izf5sGMI1CY_0_40.wav,playing clarinet,-0.17321867321867324,"[[5.5, 16.5]]","[[5.5, 16.5], [24.3, 29.3], [34.3, 36.8]]","[[5.6, 6.9], [10.0, 11.4], [14.0, 16.0]]"
exchange_increment,public,no_exchange_seed0,rbee_seed0,376,T6B1r0-CYf0_154_204.wav,hammering nails,-0.0679785330948117,"[[1.0, 2.0], [8.3, 9.3], [13.0, 14.0], [17.9, 18.9], [21.7, 22.7], [44.0, 45.0], [46.5, 47.5]]","[[1.51, 2.51], [8.238, 9.238], [13.01, 14.01], [17.965, 18.965], [21.874, 22.874], [44.056, 45.056]]","[[7.7, 8.6], [12.3, 13.3], [43.4, 47.3]]"
exchange_increment,public,no_exchange_seed0,rbee_seed0,397,J6_-SaW_GUE_0_60.wav,basketball bounce,-0.1461590600994105,"[[34.902, 36.513]]","[[34.0, 35.0]]","[[34.3, 36.0]]"
exchange_increment,public,no_exchange_seed0,rbee_seed0,398,zbWFCrbyMYQ_20_105.wav,people crowd,-0.062052969855593,"[[0.0, 2.0], [29.701, 31.701], [38.5, 40.5], [50.5, 52.5], [76.5, 78.5]]","[[0.0, 2.0], [29.701, 31.701], [39.0, 40.0], [50.0, 51.0], [56.0, 57.0], [76.0, 77.0], [80.0, 81.0]]","[[1.4, 2.7], [29.5, 31.5], [48.7, 50.4], [76.3, 79.8]]"
exchange_increment,public,no_exchange_seed1,rbee_seed1,10,_jcVnmRQD_U_90_150.wav,people whistling,-0.014511828827916462,"[[41.0, 42.0]]","[[40.957, 42.0]]","[[41.0, 42.7]]"
exchange_increment,public,no_exchange_seed1,rbee_seed1,41,QCovzjYMK5c_150_210.wav,child singing,-0.004374856090260115,"[[21.0, 25.0]]","[[20.957, 25.0]]","[[23.1, 25.3]]"
exchange_increment,public,no_exchange_seed1,rbee_seed1,84,GVGw7gumeSI_200_260.wav,baby babbling,-0.004239615516650419,"[[37.874, 43.874]]","[[37.874, 43.51]]","[[38.0, 43.7]]"
exchange_increment,public,no_exchange_seed1,rbee_seed1,96,p7k7ivFz-ko_10_70.wav,bull bellowing,-6.859036701806209e-05,"[[4.235, 24.51]]","[[4.235, 24.513]]","[[4.7, 7.1], [14.9, 20.3], [22.7, 24.3]]"
exchange_increment,public,no_exchange_seed1,rbee_seed1,150,l22_mm7qDoI_79_139.wav,people cheering,-0.0070736003649036205,"[[7.235, 13.624], [28.457, 31.457]]","[[7.235, 13.513], [28.457, 31.402]]","[[7.4, 13.6], [29.1, 40.6]]"
exchange_increment,public,no_exchange_seed1,rbee_seed1,153,1Y-C9RMyaQQ_0_53.wav,people coughing,-0.0002730616284166744,"[[4.874, 6.0]]","[[4.802, 6.0]]","[[5.8, 6.4], [46.5, 52.2]]"
exchange_increment,public,no_exchange_seed1,rbee_seed1,157,5TyhXTdRTmo_0_75.wav,people eating,-0.010816820271477456,"[[60.0, 74.902]]","[[59.701, 74.902]]","[[66.6, 75.0]]"
exchange_increment,public,no_exchange_seed1,rbee_seed1,175,k-dhOJF2MuY_280_325.wav,people whispering,-0.010072279480658586,"[[1.5, 2.5], [11.7, 23.5], [27.3, 28.3], [30.7, 34.5], [36.9, 39.5], [41.2, 44.9]]","[[1.5, 2.5], [11.7, 23.5], [27.3, 29.0], [30.7, 34.5], [36.9, 39.5], [41.2, 44.9]]","[[14.9, 23.7]]"
exchange_increment,public,no_exchange_seed1,rbee_seed1,180,BBz-Jyr23M4_387_447.wav,playing acoustic guitar,-0.10742668212961204,"[[34.701, 35.701], [44.51, 48.51]]","[[34.874, 36.0], [44.5, 48.0]]","[[44.7, 49.0]]"
exchange_increment,public,no_exchange_seed1,rbee_seed1,181,BBz-Jyr23M4_540_620.wav,playing acoustic guitar,-0.03533591995099011,"[[3.902, 5.0], [15.902, 17.0]]","[[3.902, 5.0], [15.902, 20.0]]","[[3.7, 5.2], [15.5, 17.3], [19.7, 21.3], [23.8, 24.8]]"
exchange_increment,public,no_exchange_seed1,rbee_seed1,209,GbM7EszlDFw_52_98.wav,playing saxophone,-0.014853986713429412,"[[16.902, 21.01], [29.374, 33.738]]","[[16.902, 21.01], [29.238, 33.738]]","[[16.9, 21.2], [29.4, 33.8]]"
exchange_increment,public,no_exchange_seed1,rbee_seed1,218,r1KRhB4QeCg_81_91.wav,playing tennis,-0.009803921568627416,"[[1.5, 2.5], [5.0, 5.5], [7.4, 8.0], [8.3, 8.8], [9.5, 10.0]]","[[1.5, 2.5], [5.0, 5.5], [7.4, 8.0], [8.3, 8.9], [9.5, 10.0]]","[[1.8, 2.1], [5.1, 5.7], [8.3, 8.7]]"
exchange_increment,public,no_exchange_seed1,rbee_seed1,236,1-KvIEU03yc_320_380.wav,rope skipping,-0.008033577819392512,"[[10.65, 18.0], [26.0, 35.0]]","[[10.659, 18.013], [26.238, 35.124]]","[[10.6, 19.7], [25.0, 35.1]]"
exchange_increment,public,no_exchange_seed1,rbee_seed1,251,udc_NPwrSK0_0_57.wav,tap dancing,-0.00987173655295781,"[[10.65, 17.802], [34.5, 56.902]]","[[10.65, 17.5], [34.5, 56.9]]","[[11.0, 18.3], [34.1, 39.0], [44.1, 50.0], [52.2, 56.4]]"
exchange_increment,public,no_exchange_seed1,rbee_seed1,276,QhFtABqY9cs_180_240.wav,driving motorcycle,-0.13250000000000028,"[[46.735, 48.0]]","[[47.0, 48.0]]","[[46.5, 48.5]]"
exchange_increment,public,no_exchange_seed1,rbee_seed1,308,hNKFL02U8W4_360_420.wav,playing erhu,-0.02199519230769259,"[[30.5, 36.5], [44.3, 49.3], [52.0, 53.0]]","[[30.5, 36.5], [44.3, 45.3], [48.0, 53.0]]","[[30.6, 31.7], [34.9, 36.6], [44.5, 45.6], [48.3, 49.4], [52.3, 53.6]]"
exchange_increment,public,no_exchange_seed1,rbee_seed1,327,txKxk6S4IvQ_15_75.wav,playing tabla,-0.0014522027334677445,"[[0.0, 3.0], [29.65, 35.0], [41.701, 44.0], [52.701, 53.701], [59.5, 60.0]]","[[0.0, 3.0], [29.65, 35.0], [41.65, 44.0], [52.75, 53.75], [59.5, 60.0]]","[[0.0, 3.4], [42.0, 43.8], [52.6, 55.6], [59.2, 60.0]]"
exchange_increment,public,no_exchange_seed1,rbee_seed1,333,FFJ4FGlW5Zo_120_180.wav,playing trumpet,-0.014732062691825643,"[[28.51, 35.101], [48.283, 50.283]]","[[28.51, 35.124], [48.291, 50.124]]","[[28.5, 29.2], [31.1, 33.7], [46.8, 52.2]]"
exchange_increment,public,no_exchange_seed1,rbee_seed1,340,28YVOGk5uGY_50_110.wav,playing violin,-0.04123711340206171,"[[15.5, 18.9], [35.3, 41.3]]","[[15.5, 18.5], [35.3, 41.3]]","[[15.6, 19.2]]"
exchange_increment,public,no_exchange_seed1,rbee_seed1,356,YScsKu7Txnw_251_311.wav,water burbling,-0.003009260438862793,"[[0.0, 5.902], [19.0, 42.5]]","[[0.0, 5.874], [19.0, 43.0]]","[[0.0, 5.6]]"
exchange_increment,public,no_exchange_seed1,rbee_seed1,368,YJ2O7vQfeiE_155_215.wav,playing erhu,-0.006508882073934852,"[[46.791, 58.846]]","[[46.791, 58.957]]","[[46.8, 51.6], [54.3, 58.1]]"
exchange_increment,public,no_exchange_seed1,rbee_seed1,369,Izf5sGMI1CY_0_40.wav,playing clarinet,-0.16616161616161618,"[[5.5, 16.5]]","[[5.5, 16.5], [24.3, 29.3], [34.3, 36.3]]","[[5.6, 6.9], [10.0, 11.4], [14.0, 16.0]]"
exchange_increment,public,no_exchange_seed1,rbee_seed1,376,T6B1r0-CYf0_154_204.wav,hammering nails,-0.07233115817250901,"[[1.51, 2.51], [8.374, 9.374], [13.01, 14.01], [18.01, 19.01], [22.01, 23.01], [44.01, 45.01], [46.51, 47.51]]","[[1.51, 2.51], [8.374, 9.374], [13.01, 14.01], [18.01, 19.01], [22.01, 23.01], [44.01, 45.01]]","[[7.7, 8.6], [12.3, 13.3], [43.4, 47.3]]"
exchange_increment,public,no_exchange_seed1,rbee_seed1,381,pPNdzlgkG3M_50_110.wav,playing clarinet,-0.10267419962335267,"[[25.65, 27.65], [49.902, 52.15]]","[[25.65, 27.65], [49.902, 52.902]]","[[26.0, 27.3], [50.0, 51.6]]"
exchange_increment,public,no_exchange_seed1,rbee_seed1,385,ckHzSVkWpII_90_135.wav,playing cornet,-0.09051380097637107,"[[15.231, 16.231], [21.231, 23.0], [37.731, 41.0]]","[[15.0, 16.0], [21.0, 23.0], [37.7, 41.0]]","[[15.3, 16.4], [21.3, 22.8], [37.7, 41.1]]"
exchange_increment,public,no_exchange_seed1,rbee_seed1,392,bY5zL4P3bR4_80_118.wav,people whispering,-0.01966417034287471,"[[9.75, 12.75], [17.8, 18.8]]","[[9.701, 12.701], [17.801, 18.801]]","[[9.8, 12.9], [18.0, 19.1]]"
exchange_increment,public,no_exchange_seed1,rbee_seed1,397,J6_-SaW_GUE_0_60.wav,basketball bounce,-0.3861938810770572,"[[34.5, 36.0]]","[[34.902, 36.513]]","[[34.3, 36.0]]"
exchange_increment,public,no_exchange_seed1,rbee_seed1,398,zbWFCrbyMYQ_20_105.wav,people crowd,-0.061343404836848414,"[[0.0, 2.0], [29.902, 31.902], [39.0, 40.0], [50.0, 51.0], [76.5, 77.5]]","[[0.0, 2.0], [29.802, 31.802], [39.0, 40.0], [50.0, 51.0], [56.0, 57.0], [76.0, 77.0], [80.0, 81.0]]","[[1.4, 2.7], [29.5, 31.5], [48.7, 50.4], [76.3, 79.8]]"
exchange_increment,public,no_exchange_seed2,rbee_seed2,2,fTcSVQJ2h8g_0_90.wav,police car siren,-0.09153840764525145,"[[59.01, 66.01]]","[[58.735, 66.513]]","[[59.0, 65.6]]"
exchange_increment,public,no_exchange_seed2,rbee_seed2,6,Knhb_BCn5Bc_55_75.wav,church bell ringing,-6.0120195300453205e-05,"[[0.0, 19.97]]","[[0.0, 19.99]]","[[11.4, 12.6]]"
exchange_increment,public,no_exchange_seed2,rbee_seed2,12,THhP1idrWXA_0_60.wav,people coughing,-0.10136363636363555,"[[37.802, 40.0]]","[[37.802, 38.802]]","[[37.8, 39.4]]"
exchange_increment,public,no_exchange_seed2,rbee_seed2,15,CHkE7YL08Zo_0_45.wav,people sneezing,-0.00684079601990123,"[[21.3, 22.3], [25.2, 26.2], [34.9, 35.9]]","[[21.308, 22.308], [25.0, 26.0], [34.908, 35.908]]","[[21.1, 21.9], [34.9, 35.5]]"
exchange_increment,public,no_exchange_seed2,rbee_seed2,37,SUFOgc9Pkd8_0_25.wav,dog barking,-0.011299435028248817,"[[5.855, 8.51]]","[[5.8, 8.5]]","[[5.9, 6.7], [7.3, 8.3]]"
exchange_increment,public,no_exchange_seed2,rbee_seed2,48,PxV5flu0hi4_10_70.wav,machine gun shooting,-0.16676250718803837,"[[56.65, 59.0]]","[[56.65, 58.0]]","[[56.8, 57.2], [58.2, 58.7]]"
exchange_increment,public,no_exchange_seed2,rbee_seed2,59,WChnH2EJr_8_0_30.wav,people burping,-0.005117215403597636,"[[4.0, 8.7], [18.8, 28.7]]","[[3.601, 8.701], [18.801, 28.701]]","[[25.7, 29.1]]"
exchange_increment,public,no_exchange_seed2,rbee_seed2,72,KwwcpaxWT5E_0_35.wav,chainsawing trees,-0.01462081963975076,"[[7.302, 27.802]]","[[7.302, 27.5]]","[[24.7, 27.8]]"
exchange_increment,public,no_exchange_seed2,rbee_seed2,80,VQc-haIJXSM_437_460.wav,ambulance siren,-0.054545454545454675,"[[12.0, 14.5]]","[[12.0, 14.8]]","[[11.5, 13.8]]"
exchange_increment,public,no_exchange_seed2,rbee_seed2,100,LVp7zH3yCi0_60_120.wav,cat meowing,-0.0137645107794373,"[[29.65, 33.0], [45.4, 46.4], [54.7, 55.7], [58.3, 59.3]]","[[29.65, 33.0], [45.45, 46.45], [54.7, 55.7], [58.3, 59.3]]","[[29.5, 33.0], [45.4, 46.2], [54.6, 55.6], [58.2, 59.0]]"
exchange_increment,public,no_exchange_seed2,rbee_seed2,116,Bad9JIBFoOI_20_80.wav,engine knocking,-0.014697567702502856,"[[0.0, 10.735]]","[[0.0, 10.902]]","[[0.1, 10.4]]"
exchange_increment,public,no_exchange_seed2,rbee_seed2,126,vGIs0GU1V6M_90_150.wav,hair dryer drying,-0.09999999999999998,"[[0.0, 10.0], [15.0, 50.0]]","[[0.0, 10.0], [15.0, 19.0], [22.0, 26.0], [30.0, 35.0], [40.0, 45.0], [48.0, 50.0]]","[[0.0, 8.3], [31.3, 50.0]]"
exchange_increment,public,no_exchange_seed2,rbee_seed2,131,OZVfvDBbwdI_556_587.wav,kid speaking,-0.002339995730898603,"[[5.701, 17.624], [21.624, 26.402]]","[[5.701, 17.701], [21.601, 26.401]]","[[9.3, 17.5], [21.5, 26.7], [5.6, 6.7]]"
exchange_increment,public,no_exchange_seed2,rbee_seed2,157,5TyhXTdRTmo_0_75.wav,people eating,-0.0004453788179291651,"[[60.0, 74.902]]","[[59.874, 74.965]]","[[66.6, 75.0]]"
exchange_increment,public,no_exchange_seed2,rbee_seed2,168,N9TTWfEjNwI_0_55.wav,people slurping,-0.044882224520280456,"[[40.802, 43.5], [49.201, 50.201]]","[[40.802, 43.902], [49.202, 50.202]]","[[9.0, 9.8], [40.7, 43.3], [49.0, 50.8]]"
exchange_increment,public,no_exchange_seed2,rbee_seed2,180,BBz-Jyr23M4_387_447.wav,playing acoustic guitar,-0.11483849188767159,"[[34.735, 35.735], [44.51, 48.51]]","[[34.802, 36.0], [44.5, 48.0]]","[[44.7, 49.0]]"
exchange_increment,public,no_exchange_seed2,rbee_seed2,181,BBz-Jyr23M4_540_620.wav,playing acoustic guitar,-0.03533591995099011,"[[3.902, 5.0], [15.902, 17.0]]","[[3.902, 5.0], [15.902, 20.0]]","[[3.7, 5.2], [15.5, 17.3], [19.7, 21.3], [23.8, 24.8]]"
exchange_increment,public,no_exchange_seed2,rbee_seed2,184,Tm4ZJWTQXng_0_90.wav,playing banjo,-0.004783404570983252,"[[0.0, 18.802]]","[[0.0, 18.902]]","[[1.1, 18.1]]"
exchange_increment,public,no_exchange_seed2,rbee_seed2,194,lql92_54KrQ_0_60.wav,playing drum kit,-0.00025551408494817185,"[[20.791, 32.51]]","[[20.791, 32.513]]","[[20.8, 32.5]]"
exchange_increment,public,no_exchange_seed2,rbee_seed2,222,FFJ4FGlW5Zo_160_220.wav,playing trumpet,-0.05698113207547162,"[[8.0, 10.5]]","[[8.302, 10.5]]","[[6.2, 11.5]]"
exchange_increment,public,no_exchange_seed2,rbee_seed2,246,EM7GxFZ7uSo_148_205.wav,skateboarding,-0.0177057205210875,"[[0.0, 1.0], [10.0, 11.0], [17.0, 18.0], [21.0, 22.0], [26.0, 27.0], [31.0, 32.0], [41.0, 42.0]]","[[0.0, 56.902]]","[[26.4, 31.6]]"
exchange_increment,public,no_exchange_seed2,rbee_seed2,248,-1q1otOq9TU_315_345.wav,skidding,-0.019165123631737613,"[[11.179, 20.0]]","[[11.0, 20.0]]","[[11.4, 19.9]]"
exchange_increment,public,no_exchange_seed2,rbee_seed2,306,hNKFL02U8W4_120_180.wav,playing erhu,-0.04459218903489914,"[[29.902, 31.402], [50.902, 53.402]]","[[30.0, 34.0], [50.902, 53.5]]","[[30.2, 31.5], [33.2, 34.2], [51.0, 53.4]]"
exchange_increment,public,no_exchange_seed2,rbee_seed2,308,hNKFL02U8W4_360_420.wav,playing erhu,-0.0010817307692310152,"[[30.5, 36.8], [44.3, 49.3], [52.0, 53.0]]","[[30.5, 36.5], [44.3, 49.3], [52.0, 53.0]]","[[30.6, 31.7], [34.9, 36.6], [44.5, 45.6], [48.3, 49.4], [52.3, 53.6]]"
exchange_increment,public,no_exchange_seed2,rbee_seed2,312,hpvneTcHaEI_20_80.wav,playing harmonica,-0.0649122807017542,"[[10.0, 11.0], [15.0, 16.0], [20.0, 21.0], [25.0, 26.0], [33.0, 34.0], [47.0, 48.0]]","[[10.0, 11.0], [15.0, 16.0], [20.0, 21.0], [25.0, 26.0], [30.0, 31.0], [35.0, 36.0], [40.0, 41.0]]","[[33.0, 35.6]]"
exchange_increment,public,no_exchange_seed2,rbee_seed2,326,u2c41xBR9L4_120_180.wav,playing synthesizer,-0.002314500039799605,"[[49.457, 59.902]]","[[49.402, 59.902]]","[[49.5, 50.6], [52.4, 53.9], [55.7, 56.9], [59.0, 60.0]]"
exchange_increment,public,no_exchange_seed2,rbee_seed2,337,uvBbvPUfYfE_120_180.wav,playing ukulele,-0.12353982300884969,"[[20.75, 22.5], [32.75, 34.5], [52.75, 53.75]]","[[20.75, 22.302], [32.75, 34.0], [52.75, 53.75]]","[[20.8, 22.8], [32.7, 35.3]]"
exchange_increment,public,no_exchange_seed2,rbee_seed2,344,KT-rYg9B_CM_420_480.wav,skateboarding,-0.07886363636363652,"[[6.51, 8.965]]","[[6.902, 9.01]]","[[6.2, 10.6]]"
exchange_increment,public,no_exchange_seed2,rbee_seed2,348,qiV8azj6bDY_360_420.wav,train horning,-0.04541832669322876,"[[50.51, 52.51]]","[[50.624, 52.51]]","[[50.0, 52.4]]"
exchange_increment,public,no_exchange_seed2,rbee_seed2,363,Ir-KZH0uEC0_0_60.wav,playing tabla,-0.020033442493335385,"[[55.735, 56.735], [59.0, 59.902]]","[[55.731, 56.731], [59.0, 59.957]]","[[55.8, 56.5], [58.9, 59.8]]"
exchange_increment,public,no_exchange_seed2,rbee_seed2,372,GDE8R51FqJw_145_190.wav,hammering nails,-0.030670294335889303,"[[4.457, 6.0], [12.5, 14.5]]","[[4.457, 6.0], [12.624, 14.5]]","[[4.5, 6.4], [12.5, 14.6]]"
exchange_increment,public,no_exchange_seed2,rbee_seed2,384,ckHzSVkWpII_0_80.wav,playing cornet,-0.02497565725413753,"[[40.0, 44.0]]","[[39.902, 44.01]]","[[40.1, 43.9]]"
exchange_increment,public,no_exchange_seed2,rbee_seed2,392,bY5zL4P3bR4_80_118.wav,people whispering,-0.05640829290569216,"[[9.791, 12.791], [17.846, 18.846]]","[[9.701, 12.701], [17.801, 18.801]]","[[9.8, 12.9], [18.0, 19.1]]"
SetPO_minus_equal_updates,relation,continue_rbee_seed0,setpo_seed0,3,esc_test_10000_v0.wav,"dog, and then crying baby",-0.04310833806012482,"[[15.5, 25.0]]","[[15.5, 25.5]]","[[14.75, 25.0]]"
SetPO_minus_equal_updates,relation,continue_rbee_seed0,setpo_seed0,12,esc_test_10001_v1.wav,crying baby followed by keyboard typing,-0.01834663897362665,"[[17.7, 28.3]]","[[17.7, 28.5]]","[[17.65, 28.3]]"
SetPO_minus_equal_updates,relation,continue_rbee_seed0,setpo_seed0,19,esc_test_10002_v0.wav,"sea waves, and then rooster",-0.024390243902439046,"[[14.75, 25.0]]","[[14.75, 24.75]]","[[14.75, 25.0]]"
SetPO_minus_equal_updates,relation,continue_rbee_seed0,setpo_seed0,28,esc_test_10003_v1.wav,chainsaw followed by thunderstorm,-0.031818181818181634,"[[17.65, 28.3]]","[[17.65, 28.65]]","[[17.65, 28.3]]"
SetPO_minus_equal_updates,relation,continue_rbee_seed0,setpo_seed0,44,esc_test_10005_v1.wav,dog followed by fireworks,-0.028169014084507116,"[[17.65, 28.3]]","[[17.65, 28.0]]","[[17.65, 28.3]]"
SetPO_minus_equal_updates,relation,continue_rbee_seed0,setpo_seed0,71,esc_test_10008_v1.wav,"vacuum cleaner, and then crying baby",-0.027145284621920118,"[[1.97, 12.67]]","[[1.97, 12.97]]","[[2.0, 12.65]]"
SetPO_minus_equal_updates,relation,continue_rbee_seed0,setpo_seed0,130,esc_test_10016_v0.wav,"chainsaw, and then dog",-0.00585365853658526,"[[1.65, 11.75]]","[[1.7, 11.74]]","[[1.5, 11.75]]"
SetPO_minus_equal_updates,relation,continue_rbee_seed0,setpo_seed0,159,esc_test_10019_v1.wav,"vacuum cleaner, and then chainsaw",-0.008083140877597983,"[[2.0, 12.65], [17.65, 28.3]]","[[2.0, 12.65], [17.65, 28.65]]","[[2.0, 12.65]]"
SetPO_minus_equal_updates,relation,continue_rbee_seed0,setpo_seed0,196,esc_test_10024_v1.wav,clapping followed by crying baby,-0.01338500209467941,"[[17.65, 28.5]]","[[17.65, 28.65]]","[[17.65, 28.3]]"
SetPO_minus_equal_updates,relation,continue_rbee_seed0,setpo_seed0,198,esc_test_10024_v1.wav,"clapping, and then crying baby",-0.01338500209467941,"[[17.65, 28.5]]","[[17.65, 28.65]]","[[17.65, 28.3]]"
SetPO_minus_equal_updates,relation,continue_rbee_seed0,setpo_seed0,206,esc_test_10025_v1.wav,"dog, and then thunderstorm",-0.0046948356807512415,"[[17.75, 28.3]]","[[17.75, 28.25]]","[[17.65, 28.3]]"
SetPO_minus_equal_updates,relation,continue_rbee_seed0,setpo_seed0,212,esc_test_10026_v1.wav,sea waves followed by thunderstorm,-0.39308773262438285,"[[1.97, 28.0]]","[[1.97, 7.0]]","[[17.65, 28.3]]"
SetPO_minus_equal_updates,relation,continue_rbee_seed0,setpo_seed0,249,esc_test_10031_v0.wav,sea waves followed by keyboard typing,-0.4878048780487805,"[[14.75, 24.75]]","[[19.75, 24.75]]","[[14.75, 25.0]]"
SetPO_minus_equal_updates,relation,continue_rbee_seed0,setpo_seed0,251,esc_test_10031_v0.wav,"sea waves, and then keyboard typing",-0.024390243902439046,"[[14.75, 25.0]]","[[14.75, 24.75]]","[[14.75, 25.0]]"
SetPO_minus_equal_updates,relation,continue_rbee_seed0,setpo_seed0,254,esc_test_10031_v1.wav,"keyboard typing, and then sea waves",-0.031818181818181634,"[[17.65, 28.3]]","[[17.65, 28.65]]","[[17.65, 28.3]]"
SetPO_minus_equal_updates,relation,continue_rbee_seed0,setpo_seed0,286,esc_test_10035_v1.wav,"crying baby, and then sea waves",-0.018433179723502224,"[[17.65, 28.3]]","[[17.65, 28.5]]","[[17.65, 28.3]]"
SetPO_minus_equal_updates,relation,continue_rbee_seed0,setpo_seed0,292,esc_test_10036_v1.wav,dog followed by keyboard typing,-0.0036491677336745187,"[[17.65, 28.0]]","[[17.65, 28.65]]","[[17.65, 28.3]]"
SetPO_minus_equal_updates,relation,continue_rbee_seed0,setpo_seed0,304,esc_test_10038_v0.wav,fireworks followed by keyboard typing,-1.0,"[[1.5, 11.75]]","[[14.75, 19.75]]","[[1.5, 11.75]]"
SetPO_minus_equal_updates,relation,continue_rbee_seed1,setpo_seed1,12,esc_test_10001_v1.wav,crying baby followed by keyboard typing,-0.4951262322878588,"[[17.67, 28.67]]","[[17.67, 22.67]]","[[17.65, 28.3]]"
SetPO_minus_equal_updates,relation,continue_rbee_seed1,setpo_seed1,14,esc_test_10001_v1.wav,"crying baby, and then keyboard typing",-0.4951262322878588,"[[17.67, 28.67]]","[[17.67, 22.67]]","[[17.65, 28.3]]"
SetPO_minus_equal_updates,relation,continue_rbee_seed1,setpo_seed1,23,esc_test_10002_v1.wav,"sea waves, and then rooster",-0.006632114786094712,"[[2.0, 9.75]]","[[1.97, 9.701]]","[[2.0, 12.65]]"
SetPO_minus_equal_updates,relation,continue_rbee_seed1,setpo_seed1,28,esc_test_10003_v1.wav,chainsaw followed by thunderstorm,-0.031818181818181634,"[[17.65, 28.3]]","[[17.65, 28.65]]","[[17.65, 28.3]]"
SetPO_minus_equal_updates,relation,continue_rbee_seed1,setpo_seed1,35,esc_test_10004_v0.wav,"keyboard typing, and then clapping",-0.019535874970400102,"[[14.7, 25.0]]","[[14.75, 24.75]]","[[14.75, 25.0]]"
SetPO_minus_equal_updates,relation,continue_rbee_seed1,setpo_seed1,71,esc_test_10008_v1.wav,"vacuum cleaner, and then crying baby",-0.0027241065490566374,"[[1.97, 12.67]]","[[1.97, 12.601]]","[[2.0, 12.65]]"
SetPO_minus_equal_updates,relation,continue_rbee_seed1,setpo_seed1,88,esc_test_10011_v0.wav,clapping followed by vacuum cleaner,-0.11319383900029062,"[[1.5, 20.0]]","[[1.5, 24.75]]","[[1.5, 11.75]]"
SetPO_minus_equal_updates,relation,continue_rbee_seed1,setpo_seed1,109,esc_test_10013_v1.wav,clapping followed by chainsaw,-0.5071428571428571,"[[2.0, 23.0]]","[[22.3, 23.3]]","[[2.0, 12.65]]"
SetPO_minus_equal_updates,relation,continue_rbee_seed1,setpo_seed1,111,esc_test_10013_v1.wav,"clapping, and then chainsaw",-0.5,"[[2.0, 23.3]]","[[22.3, 23.3]]","[[2.0, 12.65]]"
SetPO_minus_equal_updates,relation,continue_rbee_seed1,setpo_seed1,150,esc_test_10018_v1.wav,"sea waves, and then vacuum cleaner",-0.031818181818181634,"[[17.65, 28.3]]","[[17.65, 28.65]]","[[17.65, 28.3]]"
SetPO_minus_equal_updates,relation,continue_rbee_seed1,setpo_seed1,195,esc_test_10024_v0.wav,"crying baby, and then clapping",-0.019512195121951126,"[[14.8, 25.0]]","[[14.8, 24.8]]","[[14.75, 25.0]]"
SetPO_minus_equal_updates,relation,continue_rbee_seed1,setpo_seed1,196,esc_test_10024_v1.wav,clapping followed by crying baby,-0.01338500209467941,"[[17.65, 28.5]]","[[17.65, 28.65]]","[[17.65, 28.3]]"
SetPO_minus_equal_updates,relation,continue_rbee_seed1,setpo_seed1,204,esc_test_10025_v1.wav,dog followed by thunderstorm,-0.0046948356807512415,"[[17.75, 28.3]]","[[17.75, 28.25]]","[[17.65, 28.3]]"
SetPO_minus_equal_updates,relation,continue_rbee_seed1,setpo_seed1,206,esc_test_10025_v1.wav,"dog, and then thunderstorm",-0.0046948356807512415,"[[17.75, 28.3]]","[[17.75, 28.25]]","[[17.65, 28.3]]"
SetPO_minus_equal_updates,relation,continue_rbee_seed1,setpo_seed1,215,esc_test_10026_v1.wav,"thunderstorm, and then sea waves",-0.001863908432216732,"[[1.97, 12.65]]","[[1.97, 12.67]]","[[2.0, 12.65]]"
SetPO_minus_equal_updates,relation,continue_rbee_seed1,setpo_seed1,249,esc_test_10031_v0.wav,sea waves followed by keyboard typing,-0.024390243902439046,"[[14.75, 25.0]]","[[14.75, 24.75]]","[[14.75, 25.0]]"
SetPO_minus_equal_updates,relation,continue_rbee_seed1,setpo_seed1,252,esc_test_10031_v1.wav,keyboard typing followed by sea waves,-0.008595641646489072,"[[7.65, 28.3]]","[[7.65, 28.65]]","[[17.65, 28.3]]"
SetPO_minus_equal_updates,relation,continue_rbee_seed1,setpo_seed1,303,esc_test_10037_v1.wav,"sea waves, and then chainsaw",-0.0006515748358391082,"[[1.957, 12.65]]","[[1.95, 12.65]]","[[2.0, 12.65]]"
SetPO_minus_equal_updates,relation,continue_rbee_seed1,setpo_seed1,304,esc_test_10038_v0.wav,fireworks followed by keyboard typing,-1.0,"[[1.5, 11.75]]","[[14.75, 19.75]]","[[1.5, 11.75]]"
SetPO_minus_equal_updates,relation,continue_rbee_seed2,setpo_seed2,12,esc_test_10001_v1.wav,crying baby followed by keyboard typing,-0.5305164319248827,"[[17.7, 28.3]]","[[17.7, 22.65]]","[[17.65, 28.3]]"
SetPO_minus_equal_updates,relation,continue_rbee_seed2,setpo_seed2,73,esc_test_10009_v0.wav,fireworks followed by clapping,-0.0184672206832871,"[[16.5, 25.58]]","[[16.7, 25.58]]","[[14.75, 25.0]]"
SetPO_minus_equal_updates,relation,continue_rbee_seed2,setpo_seed2,93,esc_test_10011_v1.wav,vacuum cleaner followed by clapping,-0.00402132236042263,"[[2.0, 12.65]]","[[1.957, 12.65]]","[[2.0, 12.65]]"
SetPO_minus_equal_updates,relation,continue_rbee_seed2,setpo_seed2,109,esc_test_10013_v1.wav,clapping followed by chainsaw,-0.5071428571428571,"[[2.0, 23.0]]","[[23.3, 28.3]]","[[2.0, 12.65]]"
SetPO_minus_equal_updates,relation,continue_rbee_seed2,setpo_seed2,125,esc_test_10015_v1.wav,keyboard typing followed by chainsaw,-0.007417840375586904,"[[2.0, 11.65]]","[[2.088, 11.659]]","[[2.0, 12.65]]"
SetPO_minus_equal_updates,relation,continue_rbee_seed2,setpo_seed2,215,esc_test_10026_v1.wav,"thunderstorm, and then sea waves",-0.001863908432216732,"[[1.97, 12.65]]","[[1.97, 12.67]]","[[2.0, 12.65]]"
SetPO_minus_equal_updates,relation,continue_rbee_seed2,setpo_seed2,297,esc_test_10037_v0.wav,sea waves followed by chainsaw,-0.046511627906976716,"[[14.75, 25.0]]","[[14.75, 25.5]]","[[14.75, 25.0]]"
SetPO_minus_equal_updates,relation,continue_rbee_seed2,setpo_seed2,299,esc_test_10037_v0.wav,"sea waves, and then chainsaw",-0.046511627906976716,"[[14.75, 25.0]]","[[14.75, 25.5]]","[[14.75, 25.0]]"
SetPO_minus_equal_updates,relation,continue_rbee_seed2,setpo_seed2,303,esc_test_10037_v1.wav,"sea waves, and then chainsaw",-0.0006515748358391082,"[[1.957, 12.65]]","[[1.95, 12.65]]","[[2.0, 12.65]]"
SetPO_minus_equal_updates,relation,continue_rbee_seed2,setpo_seed2,305,esc_test_10038_v0.wav,keyboard typing followed by fireworks,-0.32786885245901637,"[[6.75, 11.75], [14.75, 19.75]]","[[6.75, 11.75]]","[[14.75, 25.0]]"
SetPO_minus_equal_updates,public,continue_rbee_seed0,setpo_seed0,12,THhP1idrWXA_0_60.wav,people coughing,-0.10136363636363555,"[[37.802, 40.0]]","[[37.802, 38.802]]","[[37.8, 39.4]]"
SetPO_minus_equal_updates,public,continue_rbee_seed0,setpo_seed0,15,CHkE7YL08Zo_0_45.wav,people sneezing,-0.04166666666666724,"[[21.3, 22.3], [25.3, 26.3], [34.9, 35.9]]","[[21.3, 22.3], [25.3, 26.3], [35.0, 36.0]]","[[21.1, 21.9], [34.9, 35.5]]"
SetPO_minus_equal_updates,public,continue_rbee_seed0,setpo_seed0,16,b62RgDBmly8_0_58.wav,female singing,-0.014271064775252251,"[[48.735, 57.902]]","[[48.902, 57.902]]","[[46.2, 52.2]]"
SetPO_minus_equal_updates,public,continue_rbee_seed0,setpo_seed0,47,0QTme5iyg4A_161_221.wav,fireworks banging,-0.3423305666296325,"[[5.0, 6.0]]","[[5.291, 6.291]]","[[4.9, 5.7]]"
SetPO_minus_equal_updates,public,continue_rbee_seed0,setpo_seed0,72,KwwcpaxWT5E_0_35.wav,chainsawing trees,-0.01462081963975076,"[[7.302, 27.802]]","[[7.302, 27.5]]","[[24.7, 27.8]]"
SetPO_minus_equal_updates,public,continue_rbee_seed0,setpo_seed0,95,sXSDR4qLkuQ_120_180.wav,bull bellowing,-0.11041911130336265,"[[57.51, 59.965]]","[[57.51, 59.01]]","[[31.6, 36.1], [47.0, 48.0], [57.6, 59.9]]"
SetPO_minus_equal_updates,public,continue_rbee_seed0,setpo_seed0,102,3mTd8ZTG_cc_305_365.wav,chainsawing trees,-0.020439535163908396,"[[0.0, 3.0], [14.457, 24.5]]","[[0.0, 3.0], [13.0, 24.0]]","[[16.6, 18.2], [20.4, 22.7]]"
SetPO_minus_equal_updates,public,continue_rbee_seed0,setpo_seed0,124,upcu7SKNGV4_40_80.wav,frog croaking,-0.39904687217228696,"[[0.0, 1.0], [6.25, 12.0]]","[[0.0, 12.0]]","[[0.3, 1.0], [6.4, 12.1]]"
SetPO_minus_equal_updates,public,continue_rbee_seed0,setpo_seed0,143,QW_m5t16010_82_118.wav,orchestra,-0.018796992481203034,"[[0.0, 13.5]]","[[0.0, 13.0]]","[[2.0, 26.6]]"
SetPO_minus_equal_updates,public,continue_rbee_seed0,setpo_seed0,149,l22_mm7qDoI_0_60.wav,people cheering,-0.03158936596973638,"[[36.902, 39.51], [48.51, 51.51]]","[[36.735, 39.0], [48.5, 51.5]]","[[10.0, 20.0], [37.2, 41.0], [48.7, 52.3]]"
SetPO_minus_equal_updates,public,continue_rbee_seed0,setpo_seed0,151,aISXCw0Pi94_33_93.wav,people clapping,-0.2641666666666668,"[[27.0, 29.0], [34.902, 36.902]]","[[27.0, 28.0], [34.902, 36.0]]","[[26.3, 29.9], [34.6, 38.2]]"
SetPO_minus_equal_updates,public,continue_rbee_seed0,setpo_seed0,175,k-dhOJF2MuY_280_325.wav,people whispering,-0.11828789856106817,"[[1.601, 2.601], [11.701, 23.5], [27.3, 29.0], [30.8, 34.5], [36.9, 39.5], [41.2, 44.9]]","[[1.601, 2.601], [11.701, 12.701], [14.601, 15.601], [19.0, 21.0], [22.201, 23.201], [27.3, 28.3], [30.701, 34.7]]","[[14.9, 23.7]]"
SetPO_minus_equal_updates,public,continue_rbee_seed0,setpo_seed0,180,BBz-Jyr23M4_387_447.wav,playing acoustic guitar,-0.11483849188767159,"[[34.701, 35.701], [44.51, 48.51]]","[[34.802, 36.0], [44.5, 48.0]]","[[44.7, 49.0]]"
SetPO_minus_equal_updates,public,continue_rbee_seed0,setpo_seed0,182,_5TXy_J6xJI_120_180.wav,playing badminton,-0.01622066259795757,"[[44.201, 48.51], [54.01, 55.01]]","[[44.0, 48.0], [58.0, 59.0]]","[[42.2, 43.1], [45.4, 49.2], [54.3, 60.0]]"
SetPO_minus_equal_updates,public,continue_rbee_seed0,setpo_seed0,184,Tm4ZJWTQXng_0_90.wav,playing banjo,-0.014759786911685668,"[[0.0, 18.5]]","[[0.0, 18.802]]","[[1.1, 18.1]]"
SetPO_minus_equal_updates,public,continue_rbee_seed0,setpo_seed0,203,Zc-EcRFrxcA_775_835.wav,playing harmonica,-0.08072944029096707,"[[46.902, 56.902]]","[[46.902, 55.902]]","[[47.1, 56.8]]"
SetPO_minus_equal_updates,public,continue_rbee_seed0,setpo_seed0,220,TflgyCIZEYM_131_170.wav,playing trombone,-0.017456773264933112,"[[15.588, 20.0]]","[[15.5, 20.0]]","[[15.7, 20.2]]"
SetPO_minus_equal_updates,public,continue_rbee_seed0,setpo_seed0,242,eyOPSZ9mFz0_210_260.wav,sheep bleating,-0.018350709422376488,"[[10.902, 13.51], [19.457, 20.457]]","[[10.902, 13.51], [19.402, 20.402]]","[[11.4, 13.6], [19.5, 20.5], [38.1, 39.2]]"
SetPO_minus_equal_updates,public,continue_rbee_seed0,setpo_seed0,259,yTA0nmQVfq4_0_33.wav,train wheels squealing,-0.005555555555555869,"[[9.402, 19.124]]","[[9.457, 19.124]]","[[9.4, 19.3]]"
SetPO_minus_equal_updates,public,continue_rbee_seed0,setpo_seed0,306,hNKFL02U8W4_120_180.wav,playing erhu,-0.10173531018762205,"[[30.0, 34.0], [50.902, 53.5]]","[[30.0, 31.0], [50.902, 53.0]]","[[30.2, 31.5], [33.2, 34.2], [51.0, 53.4]]"
SetPO_minus_equal_updates,public,continue_rbee_seed0,setpo_seed0,316,VW0H8b2OHSM_44_104.wav,playing harp,-0.015337268686166139,"[[14.457, 21.0], [48.0, 55.0]]","[[14.457, 21.0], [48.0, 59.902]]","[[14.5, 15.9], [17.4, 21.4], [48.2, 49.6], [54.0, 56.4]]"
SetPO_minus_equal_updates,public,continue_rbee_seed0,setpo_seed0,340,28YVOGk5uGY_50_110.wav,playing violin,-0.04123711340206171,"[[15.5, 18.9], [35.3, 41.3]]","[[15.5, 18.5], [35.3, 41.3]]","[[15.6, 19.2]]"
SetPO_minus_equal_updates,public,continue_rbee_seed0,setpo_seed0,341,awNdAWg1oik_130_190.wav,playing zither,-0.0006896551724136502,"[[28.402, 42.01]]","[[28.402, 42.0]]","[[28.4, 30.5], [37.1, 42.9]]"
SetPO_minus_equal_updates,public,continue_rbee_seed0,setpo_seed0,345,KT-rYg9B_CM_160_190.wav,skateboarding,-0.44680851063829785,"[[0.0, 1.0], [12.4, 14.5], [27.0, 28.0]]","[[0.0, 1.0]]","[[12.3, 15.0]]"
SetPO_minus_equal_updates,public,continue_rbee_seed0,setpo_seed0,372,GDE8R51FqJw_145_190.wav,hammering nails,-0.030670294335889303,"[[4.457, 6.0], [12.5, 14.5]]","[[4.457, 6.0], [12.624, 14.5]]","[[4.5, 6.4], [12.5, 14.6]]"
SetPO_minus_equal_updates,public,continue_rbee_seed0,setpo_seed0,376,T6B1r0-CYf0_154_204.wav,hammering nails,-0.03156693348423434,"[[1.5, 2.5], [8.0, 9.0], [13.0, 14.0], [18.0, 19.0], [22.0, 23.0], [44.0, 45.0], [46.5, 47.5]]","[[1.51, 2.51], [8.238, 9.238], [13.01, 14.01], [17.965, 18.965], [21.874, 22.874], [44.056, 45.056], [46.51, 47.51]]","[[7.7, 8.6], [12.3, 13.3], [43.4, 47.3]]"
SetPO_minus_equal_updates,public,continue_rbee_seed0,setpo_seed0,390,Eq7Ll9ok-Hw_120_180.wav,people eating,-0.0017404670627226837,"[[35.735, 41.0], [48.0, 50.0], [57.0, 59.0]]","[[35.701, 41.0], [48.0, 50.0], [57.0, 59.0]]","[[36.3, 41.3]]"
SetPO_minus_equal_updates,public,continue_rbee_seed0,setpo_seed0,394,kKsT1xzVLDk_115_145.wav,people whispering,-0.0075398595359813525,"[[11.957, 13.5], [19.25, 20.25]]","[[11.902, 13.5], [19.25, 20.25]]","[[0.0, 1.0], [12.0, 13.5], [19.1, 20.8]]"
SetPO_minus_equal_updates,public,continue_rbee_seed1,setpo_seed1,12,THhP1idrWXA_0_60.wav,people coughing,-0.10136363636363555,"[[37.802, 40.0]]","[[37.802, 38.802]]","[[37.8, 39.4]]"
SetPO_minus_equal_updates,public,continue_rbee_seed1,setpo_seed1,21,5VElNpaNPoo_0_60.wav,baby babbling,-0.1266666666666666,"[[41.51, 44.01]]","[[41.51, 44.51]]","[[42.0, 43.9]]"
SetPO_minus_equal_updates,public,continue_rbee_seed1,setpo_seed1,32,gBWmcmIfN98_0_60.wav,people clapping,-0.04057572915971308,"[[3.735, 5.902]]","[[3.874, 5.874]]","[[3.7, 5.7], [24.2, 25.0]]"
SetPO_minus_equal_updates,public,continue_rbee_seed1,setpo_seed1,55,ZBaYrfz5afo_300_330.wav,thunder,-0.03754166666666714,"[[11.302, 14.5]]","[[11.302, 14.0]]","[[11.3, 14.3]]"
SetPO_minus_equal_updates,public,continue_rbee_seed1,setpo_seed1,110,hZfIwRPjkvM_30_90.wav,dog howling,-0.11581920903954857,"[[42.302, 59.902]]","[[42.402, 44.0], [56.0, 59.902]]","[[42.3, 44.7], [51.4, 60.0]]"
SetPO_minus_equal_updates,public,continue_rbee_seed1,setpo_seed1,118,Ud0MIgXET3g_0_62.wav,female singing,-0.021063062678164463,"[[7.51, 11.01], [58.738, 61.92]]","[[7.51, 11.01], [58.965, 61.965]]","[[54.2, 61.3]]"
SetPO_minus_equal_updates,public,continue_rbee_seed1,setpo_seed1,125,vGIs0GU1V6M_0_60.wav,hair dryer drying,-0.006748155090003732,"[[51.51, 56.01]]","[[51.5, 55.5]]","[[17.9, 24.3], [34.9, 36.7], [44.6, 49.2], [51.4, 55.7]]"
SetPO_minus_equal_updates,public,continue_rbee_seed1,setpo_seed1,138,FidGPhNC4sc_0_60.wav,machine gun shooting,-0.005029428620811904,"[[37.902, 49.51], [57.124, 59.957]]","[[37.902, 49.51], [57.238, 59.902]]","[[38.0, 41.9], [43.3, 44.4], [45.6, 49.8], [57.0, 58.9]]"
SetPO_minus_equal_updates,public,continue_rbee_seed1,setpo_seed1,143,QW_m5t16010_82_118.wav,orchestra,-0.018796992481203034,"[[0.0, 13.5]]","[[0.0, 13.0]]","[[2.0, 26.6]]"
SetPO_minus_equal_updates,public,continue_rbee_seed1,setpo_seed1,150,l22_mm7qDoI_79_139.wav,people cheering,-0.008703177898644499,"[[7.235, 13.624], [28.457, 31.457]]","[[7.235, 13.624], [28.346, 31.346]]","[[7.4, 13.6], [29.1, 40.6]]"
SetPO_minus_equal_updates,public,continue_rbee_seed1,setpo_seed1,184,Tm4ZJWTQXng_0_90.wav,playing banjo,-0.004638885330986886,"[[0.0, 18.902]]","[[0.0, 19.0]]","[[1.1, 18.1]]"
SetPO_minus_equal_updates,public,continue_rbee_seed1,setpo_seed1,188,-ds37ADTopw_4_82.wav,playing cello,-0.00032476657058422287,"[[8.659, 35.0]]","[[8.65, 35.0]]","[[8.8, 35.6]]"
SetPO_minus_equal_updates,public,continue_rbee_seed1,setpo_seed1,246,EM7GxFZ7uSo_148_205.wav,skateboarding,-0.0177057205210875,"[[0.0, 1.0], [10.0, 11.0], [17.0, 18.0], [21.0, 22.0], [26.0, 27.0], [31.0, 32.0], [41.0, 42.0]]","[[0.0, 56.902]]","[[26.4, 31.6]]"
SetPO_minus_equal_updates,public,continue_rbee_seed1,setpo_seed1,255,7ZNOCgxSi5Y_11_71.wav,thunder,-0.02359374999999997,"[[0.0, 12.302]]","[[0.0, 12.0]]","[[2.7, 12.8]]"
SetPO_minus_equal_updates,public,continue_rbee_seed1,setpo_seed1,276,QhFtABqY9cs_180_240.wav,driving motorcycle,-0.13250000000000028,"[[46.735, 48.0]]","[[47.0, 48.0]]","[[46.5, 48.5]]"
SetPO_minus_equal_updates,public,continue_rbee_seed1,setpo_seed1,306,hNKFL02U8W4_120_180.wav,playing erhu,-0.049836378025925665,"[[30.0, 34.0], [50.902, 53.5]]","[[30.0, 34.0], [50.902, 53.0]]","[[30.2, 31.5], [33.2, 34.2], [51.0, 53.4]]"
SetPO_minus_equal_updates,public,continue_rbee_seed1,setpo_seed1,324,X5wA7DSspmc_70_130.wav,playing snare drum,-0.012499999999999956,"[[40.902, 43.0], [49.0, 51.0]]","[[40.957, 43.0], [49.0, 51.0]]","[[40.8, 43.2], [49.0, 50.9]]"
SetPO_minus_equal_updates,public,continue_rbee_seed1,setpo_seed1,328,zlljHJtVaPw_510_570.wav,playing tabla,-0.037714285714287143,"[[56.51, 59.92]]","[[56.624, 59.902]]","[[56.5, 60.0]]"
SetPO_minus_equal_updates,public,continue_rbee_seed1,setpo_seed1,333,FFJ4FGlW5Zo_120_180.wav,playing trumpet,-0.017370399051354235,"[[28.51, 35.124], [48.291, 50.51]]","[[28.51, 35.101], [48.283, 50.283]]","[[28.5, 29.2], [31.1, 33.7], [46.8, 52.2]]"
SetPO_minus_equal_updates,public,continue_rbee_seed1,setpo_seed1,339,28YVOGk5uGY_0_60.wav,playing violin,-0.0021350762527233003,"[[0.0, 5.0], [45.902, 50.902]]","[[0.0, 5.0], [45.902, 51.0]]","[[46.2, 48.4]]"
SetPO_minus_equal_updates,public,continue_rbee_seed1,setpo_seed1,345,KT-rYg9B_CM_160_190.wav,skateboarding,-0.5405405405405407,"[[0.0, 1.0], [12.4, 14.4]]","[[0.0, 1.0]]","[[12.3, 15.0]]"
SetPO_minus_equal_updates,public,continue_rbee_seed2,setpo_seed2,47,0QTme5iyg4A_161_221.wav,fireworks banging,-0.3423305666296325,"[[5.0, 6.0]]","[[5.291, 6.291]]","[[4.9, 5.7]]"
SetPO_minus_equal_updates,public,continue_rbee_seed2,setpo_seed2,68,c8FxPxMeZ_Q_30_90.wav,people whispering,-0.07121212121212117,"[[51.0, 53.0]]","[[51.235, 53.0]]","[[50.6, 53.9]]"
SetPO_minus_equal_updates,public,continue_rbee_seed2,setpo_seed2,79,VQc-haIJXSM_25_68.wav,ambulance siren,-0.019868421052631535,"[[25.0, 31.5]]","[[25.302, 31.5]]","[[16.3, 31.3]]"
SetPO_minus_equal_updates,public,continue_rbee_seed2,setpo_seed2,100,LVp7zH3yCi0_60_120.wav,cat meowing,-0.12263993316624855,"[[29.65, 33.0], [45.45, 46.45], [54.7, 55.7], [58.3, 59.3]]","[[29.65, 33.0], [45.45, 46.45], [58.3, 59.3]]","[[29.5, 33.0], [45.4, 46.2], [54.6, 55.6], [58.2, 59.0]]"
SetPO_minus_equal_updates,public,continue_rbee_seed2,setpo_seed2,102,3mTd8ZTG_cc_305_365.wav,chainsawing trees,-0.020439535163908396,"[[0.0, 3.0], [14.457, 24.5]]","[[0.0, 3.0], [13.0, 24.0]]","[[16.6, 18.2], [20.4, 22.7]]"
SetPO_minus_equal_updates,public,continue_rbee_seed2,setpo_seed2,126,vGIs0GU1V6M_90_150.wav,hair dryer drying,-0.09999999999999998,"[[0.0, 10.0], [15.0, 50.0]]","[[0.0, 10.0], [15.0, 19.0], [22.0, 26.0], [30.0, 35.0], [40.0, 45.0], [48.0, 50.0]]","[[0.0, 8.3], [31.3, 50.0]]"
SetPO_minus_equal_updates,public,continue_rbee_seed2,setpo_seed2,131,OZVfvDBbwdI_556_587.wav,kid speaking,-0.002339995730898603,"[[5.701, 17.624], [21.624, 26.402]]","[[5.701, 17.701], [21.601, 26.401]]","[[9.3, 17.5], [21.5, 26.7], [5.6, 6.7]]"
SetPO_minus_equal_updates,public,continue_rbee_seed2,setpo_seed2,151,aISXCw0Pi94_33_93.wav,people clapping,-0.013888888888889117,"[[27.0, 28.0], [34.9, 36.0]]","[[27.0, 29.0]]","[[26.3, 29.9], [34.6, 38.2]]"
SetPO_minus_equal_updates,public,continue_rbee_seed2,setpo_seed2,156,ATv_bcvl_68_0_60.wav,people eating,-0.024913245656785987,"[[36.302, 39.0], [52.6, 59.9]]","[[36.0, 39.0], [52.65, 59.9]]","[[52.4, 60.0]]"
SetPO_minus_equal_updates,public,continue_rbee_seed2,setpo_seed2,175,k-dhOJF2MuY_280_325.wav,people whispering,-0.11539565631748586,"[[1.601, 2.601], [11.701, 23.5], [27.3, 29.0], [30.8, 34.5], [36.9, 39.5], [41.2, 44.9]]","[[1.601, 2.601], [11.701, 12.701], [14.601, 15.601], [19.0, 21.0], [22.201, 23.201], [27.3, 28.3], [30.701, 34.5]]","[[14.9, 23.7]]"
SetPO_minus_equal_updates,public,continue_rbee_seed2,setpo_seed2,184,Tm4ZJWTQXng_0_90.wav,playing banjo,-0.004783404570983252,"[[0.0, 18.802]]","[[0.0, 18.902]]","[[1.1, 18.1]]"
SetPO_minus_equal_updates,public,continue_rbee_seed2,setpo_seed2,195,6BmPZifNZos_30_90.wav,playing drum kit,-0.004824561403508731,"[[30.902, 41.0]]","[[30.957, 41.0]]","[[30.2, 41.6]]"
SetPO_minus_equal_updates,public,continue_rbee_seed2,setpo_seed2,205,bRZ1EDf2ybU_0_90.wav,playing harp,-0.005791926735533304,"[[31.51, 50.01]]","[[31.51, 50.51]]","[[31.2, 50.2]]"
SetPO_minus_equal_updates,public,continue_rbee_seed2,setpo_seed2,235,3dwMzERxpRw_640_720.wav,rope skipping,-0.14,"[[62.0, 64.5]]","[[62.0, 65.0]]","[[62.4, 64.5]]"
SetPO_minus_equal_updates,public,continue_rbee_seed2,setpo_seed2,240,8vsdnrrnWZA_190_250.wav,sea waves,-0.12345679012345678,"[[15.0, 23.0]]","[[15.0, 22.0]]","[[15.2, 23.1]]"
SetPO_minus_equal_updates,public,continue_rbee_seed2,setpo_seed2,242,eyOPSZ9mFz0_210_260.wav,sheep bleating,-0.2628272290171401,"[[10.902, 13.51], [19.457, 20.457]]","[[10.902, 20.902], [37.957, 39.068]]","[[11.4, 13.6], [19.5, 20.5], [38.1, 39.2]]"
SetPO_minus_equal_updates,public,continue_rbee_seed2,setpo_seed2,288,WN4IoK7ecAU_300_380.wav,playing acoustic guitar,-0.04055693985043152,"[[32.51, 46.01], [48.965, 50.01], [53.51, 55.01], [58.51, 60.01], [63.51, 65.01], [67.51, 69.01], [72.51, 75.0]]","[[32.51, 46.01], [48.51, 50.01], [53.51, 56.01], [58.51, 60.01], [62.51, 65.01], [67.51, 69.01], [72.51, 75.0]]","[[33.1, 36.0], [38.1, 41.6], [42.6, 45.9]]"
SetPO_minus_equal_updates,public,continue_rbee_seed2,setpo_seed2,298,vqOmk5fQM68_190_240.wav,playing clarinet,-0.023097725879229314,"[[23.701, 25.0], [39.601, 40.601], [48.5, 49.5]]","[[23.75, 25.0], [39.624, 40.624], [48.5, 49.5]]","[[23.6, 24.9], [39.6, 40.5], [48.9, 49.9]]"
SetPO_minus_equal_updates,public,continue_rbee_seed2,setpo_seed2,306,hNKFL02U8W4_120_180.wav,playing erhu,-0.049836378025925665,"[[30.0, 34.0], [50.902, 53.5]]","[[30.0, 34.0], [50.902, 53.0]]","[[30.2, 31.5], [33.2, 34.2], [51.0, 53.4]]"
SetPO_minus_equal_updates,public,continue_rbee_seed2,setpo_seed2,312,hpvneTcHaEI_20_80.wav,playing harmonica,-0.0649122807017542,"[[10.0, 11.0], [15.0, 16.0], [20.0, 21.0], [25.0, 26.0], [33.0, 34.0], [47.0, 48.0]]","[[10.0, 11.0], [15.0, 16.0], [20.0, 21.0], [25.0, 26.0], [30.0, 31.0], [35.0, 36.0], [40.0, 41.0]]","[[33.0, 35.6]]"
SetPO_minus_equal_updates,public,continue_rbee_seed2,setpo_seed2,327,txKxk6S4IvQ_15_75.wav,playing tabla,-0.021588238830174578,"[[0.0, 3.0], [29.65, 35.0], [41.701, 44.0], [52.701, 53.701], [59.201, 60.0]]","[[0.0, 3.0], [29.65, 35.0], [41.65, 44.0], [52.75, 53.75], [59.5, 60.0]]","[[0.0, 3.4], [42.0, 43.8], [52.6, 55.6], [59.2, 60.0]]"
SetPO_minus_equal_updates,public,continue_rbee_seed2,setpo_seed2,331,Ymt3UbVPBm4_126_186.wav,playing trombone,-0.0180443416862556,"[[47.457, 51.0], [55.846, 58.846]]","[[47.457, 51.0], [55.5, 58.5]]","[[57.3, 58.6]]"
SetPO_minus_equal_updates,public,continue_rbee_seed2,setpo_seed2,332,uDbZvKBd-sk_90_150.wav,playing trombone,-0.0007246242134760772,"[[52.791, 56.51]]","[[52.791, 56.513]]","[[52.7, 56.3]]"
SetPO_minus_equal_updates,public,continue_rbee_seed2,setpo_seed2,335,fBgbJcDjsLs_25_68.wav,playing trumpet,-0.029656607700312865,"[[20.874, 24.238], [33.238, 36.874]]","[[20.874, 24.374], [33.238, 36.51]]","[[20.9, 24.9], [33.5, 36.9]]"
SetPO_minus_equal_updates,public,continue_rbee_seed2,setpo_seed2,339,28YVOGk5uGY_0_60.wav,playing violin,-0.0021350762527233003,"[[0.0, 5.0], [45.902, 50.902]]","[[0.0, 5.0], [45.902, 51.0]]","[[46.2, 48.4]]"
SetPO_minus_equal_updates,public,continue_rbee_seed2,setpo_seed2,344,KT-rYg9B_CM_420_480.wav,skateboarding,-0.01022727272727264,"[[6.51, 9.01]]","[[6.51, 8.965]]","[[6.2, 10.6]]"
SetPO_minus_equal_updates,public,continue_rbee_seed2,setpo_seed2,368,YJ2O7vQfeiE_155_215.wav,playing erhu,-0.20862993395954121,"[[46.791, 51.791], [54.457, 58.457]]","[[46.791, 58.846]]","[[46.8, 51.6], [54.3, 58.1]]"
SetPO_minus_equal_updates,public,continue_rbee_seed2,setpo_seed2,375,T6B1r0-CYf0_70_160.wav,hammering nails,-0.04237671470948148,"[[16.902, 17.902], [38.01, 39.01], [58.238, 59.238], [81.51, 82.51]]","[[16.902, 17.902], [23.51, 24.51], [38.238, 39.238], [58.238, 59.238], [81.51, 82.51]]","[[81.4, 82.4]]"
SetPO_minus_equal_updates,public,continue_rbee_seed2,setpo_seed2,376,T6B1r0-CYf0_154_204.wav,hammering nails,-0.11991327487474504,"[[1.5, 2.5], [8.0, 9.0], [13.0, 14.0], [18.0, 19.0], [22.0, 23.0], [44.0, 45.0], [46.5, 47.5]]","[[1.51, 2.51], [8.374, 9.374], [13.01, 14.01], [18.01, 19.01], [22.01, 23.01], [44.01, 45.01]]","[[7.7, 8.6], [12.3, 13.3], [43.4, 47.3]]"
SetPO_minus_equal_updates,public,continue_rbee_seed2,setpo_seed2,385,ckHzSVkWpII_90_135.wav,playing cornet,-0.08776017749811404,"[[15.231, 16.231], [21.231, 23.0], [37.731, 41.231]]","[[15.0, 16.0], [21.0, 23.0], [37.7, 41.0]]","[[15.3, 16.4], [21.3, 22.8], [37.7, 41.1]]"
SetPO_minus_equal_updates,public,continue_rbee_seed2,setpo_seed2,398,zbWFCrbyMYQ_20_105.wav,people crowd,-0.15065983279277745,"[[0.0, 2.0], [29.701, 31.701], [38.5, 40.5], [50.5, 52.5], [76.5, 79.5]]","[[0.0, 2.0], [29.902, 31.902], [39.0, 40.0], [50.0, 51.0], [56.0, 57.0], [76.0, 77.0], [80.0, 81.0]]","[[1.4, 2.7], [29.5, 31.5], [48.7, 50.4], [76.3, 79.8]]"
RBEE_minus_SFT_seed0,relation,sft_seed0,rbee_seed0,0,esc_test_10000_v0.wav,crying baby followed by dog,-0.2926829268292682,"[[1.5, 11.5]]","[[1.5, 8.5]]","[[1.5, 11.75]]"
RBEE_minus_SFT_seed0,relation,sft_seed0,rbee_seed0,2,esc_test_10000_v0.wav,"crying baby, and then dog",-0.3414634146341463,"[[1.5, 11.5]]","[[1.5, 8.0]]","[[1.5, 11.75]]"
RBEE_minus_SFT_seed0,relation,sft_seed0,rbee_seed0,3,esc_test_10000_v0.wav,"dog, and then crying baby",-0.04878048780487798,"[[15.0, 25.0]]","[[15.5, 25.0]]","[[14.75, 25.0]]"
RBEE_minus_SFT_seed0,relation,sft_seed0,rbee_seed0,12,esc_test_10001_v1.wav,crying baby followed by keyboard typing,-0.01834663897362665,"[[17.7, 28.3]]","[[17.7, 28.5]]","[[17.65, 28.3]]"
RBEE_minus_SFT_seed0,relation,sft_seed0,rbee_seed0,17,esc_test_10002_v0.wav,sea waves followed by rooster,-0.25847743094543,"[[6.75, 11.75], [14.75, 19.75], [20.0, 25.0]]","[[6.75, 22.0]]","[[14.75, 25.0]]"
RBEE_minus_SFT_seed0,relation,sft_seed0,rbee_seed0,19,esc_test_10002_v0.wav,"sea waves, and then rooster",-0.29268292682926833,"[[14.75, 25.0]]","[[14.75, 22.0]]","[[14.75, 25.0]]"
RBEE_minus_SFT_seed0,relation,sft_seed0,rbee_seed0,21,esc_test_10002_v1.wav,sea waves followed by rooster,-0.006632114786094712,"[[2.0, 9.75]]","[[1.97, 9.701]]","[[2.0, 12.65]]"
RBEE_minus_SFT_seed0,relation,sft_seed0,rbee_seed0,32,esc_test_10004_v0.wav,clapping followed by keyboard typing,-0.2243902439024391,"[[1.5, 11.5]]","[[1.5, 9.2]]","[[1.5, 11.75]]"
RBEE_minus_SFT_seed0,relation,sft_seed0,rbee_seed0,33,esc_test_10004_v0.wav,keyboard typing followed by clapping,-0.024390243902439046,"[[14.75, 25.0]]","[[14.75, 24.75]]","[[14.75, 25.0]]"
RBEE_minus_SFT_seed0,relation,sft_seed0,rbee_seed0,34,esc_test_10004_v0.wav,"clapping, and then keyboard typing",-0.2243902439024391,"[[1.5, 11.5]]","[[1.5, 9.2]]","[[1.5, 11.75]]"
RBEE_minus_SFT_seed0,relation,sft_seed0,rbee_seed0,35,esc_test_10004_v0.wav,"keyboard typing, and then clapping",-0.024390243902439046,"[[14.75, 25.0]]","[[14.75, 24.75]]","[[14.75, 25.0]]"
RBEE_minus_SFT_seed0,relation,sft_seed0,rbee_seed0,40,esc_test_10005_v0.wav,dog followed by fireworks,-0.4783783783783784,"[[1.5, 11.75]]","[[2.1, 20.0]]","[[1.5, 11.75]]"
RBEE_minus_SFT_seed0,relation,sft_seed0,rbee_seed0,41,esc_test_10005_v0.wav,fireworks followed by dog,-0.024390243902439046,"[[14.75, 25.0]]","[[14.75, 24.75]]","[[14.75, 25.0]]"
RBEE_minus_SFT_seed0,relation,sft_seed0,rbee_seed0,42,esc_test_10005_v0.wav,"dog, and then fireworks",-0.14222222222222214,"[[1.5, 11.75]]","[[2.1, 12.75]]","[[1.5, 11.75]]"
RBEE_minus_SFT_seed0,relation,sft_seed0,rbee_seed0,43,esc_test_10005_v0.wav,"fireworks, and then dog",-0.024390243902439046,"[[14.75, 25.0]]","[[14.75, 24.75]]","[[14.75, 25.0]]"
RBEE_minus_SFT_seed0,relation,sft_seed0,rbee_seed0,49,esc_test_10006_v0.wav,sea waves followed by clapping,-0.024390243902439046,"[[14.75, 25.0]]","[[14.75, 24.75]]","[[14.75, 25.0]]"
RBEE_minus_SFT_seed0,relation,sft_seed0,rbee_seed0,51,esc_test_10006_v0.wav,"sea waves, and then clapping",-0.024390243902439046,"[[14.75, 25.0]]","[[14.75, 24.75]]","[[14.75, 25.0]]"
RBEE_minus_SFT_seed0,relation,sft_seed0,rbee_seed0,69,esc_test_10008_v1.wav,vacuum cleaner followed by crying baby,-0.031818181818181746,"[[2.0, 12.65]]","[[1.97, 12.97]]","[[2.0, 12.65]]"
RBEE_minus_SFT_seed0,relation,sft_seed0,rbee_seed0,71,esc_test_10008_v1.wav,"vacuum cleaner, and then crying baby",-0.004672897196261627,"[[2.0, 12.65]]","[[1.97, 12.67]]","[[2.0, 12.65]]"
RBEE_minus_SFT_seed0,relation,sft_seed0,rbee_seed0,87,esc_test_10010_v1.wav,"vacuum cleaner, and then fireworks",-0.4928571428571429,"[[2.0, 12.65]]","[[2.0, 12.65], [17.65, 28.0]]","[[2.0, 12.65]]"
RBEE_minus_SFT_seed0,relation,sft_seed0,rbee_seed0,93,esc_test_10011_v1.wav,vacuum cleaner followed by clapping,-0.006452819601608484,"[[2.0, 12.65]]","[[1.957, 12.624]]","[[2.0, 12.65]]"
RBEE_minus_SFT_seed0,relation,sft_seed0,rbee_seed0,95,esc_test_10011_v1.wav,"vacuum cleaner, and then clapping",-0.006452819601608484,"[[2.0, 12.65]]","[[1.957, 12.624]]","[[2.0, 12.65]]"
RBEE_minus_SFT_seed0,relation,sft_seed0,rbee_seed0,96,esc_test_10012_v0.wav,fireworks followed by rooster,-0.09756097560975618,"[[1.5, 10.15]]","[[1.5, 9.15]]","[[1.5, 11.75]]"
RBEE_minus_SFT_seed0,relation,sft_seed0,rbee_seed0,98,esc_test_10012_v0.wav,"fireworks, and then rooster",-0.09756097560975618,"[[1.5, 10.15]]","[[1.5, 9.15]]","[[1.5, 11.75]]"
RBEE_minus_SFT_seed0,relation,sft_seed0,rbee_seed0,109,esc_test_10013_v1.wav,clapping followed by chainsaw,-1.0,"[[2.0, 12.65]]","[[23.3, 28.3]]","[[2.0, 12.65]]"
RBEE_minus_SFT_seed0,relation,sft_seed0,rbee_seed0,126,esc_test_10015_v1.wav,"chainsaw, and then keyboard typing",-0.0006572769953052671,"[[17.95, 28.3]]","[[17.957, 28.3]]","[[17.65, 28.3]]"
RBEE_minus_SFT_seed0,relation,sft_seed0,rbee_seed0,140,esc_test_10017_v1.wav,clapping followed by dog,-0.028169014084507116,"[[17.65, 28.3]]","[[17.65, 28.0]]","[[17.65, 28.3]]"
RBEE_minus_SFT_seed0,relation,sft_seed0,rbee_seed0,142,esc_test_10017_v1.wav,"clapping, and then dog",-0.028169014084507116,"[[17.65, 28.3]]","[[17.65, 28.0]]","[[17.65, 28.3]]"
RBEE_minus_SFT_seed0,relation,sft_seed0,rbee_seed0,148,esc_test_10018_v1.wav,sea waves followed by vacuum cleaner,-0.031818181818181634,"[[17.65, 28.3]]","[[17.65, 28.65]]","[[17.65, 28.3]]"
RBEE_minus_SFT_seed0,relation,sft_seed0,rbee_seed0,149,esc_test_10018_v1.wav,vacuum cleaner followed by sea waves,-0.002808988764044895,"[[2.0, 12.65]]","[[1.97, 12.65]]","[[2.0, 12.65]]"
RBEE_minus_SFT_seed0,relation,sft_seed0,rbee_seed0,150,esc_test_10018_v1.wav,"sea waves, and then vacuum cleaner",-0.031818181818181634,"[[17.65, 28.3]]","[[17.65, 28.65]]","[[17.65, 28.3]]"
RBEE_minus_SFT_seed0,relation,sft_seed0,rbee_seed0,151,esc_test_10018_v1.wav,"vacuum cleaner, and then sea waves",-0.3217424531906763,"[[2.0, 12.65]]","[[1.957, 12.659], [17.659, 22.659]]","[[2.0, 12.65]]"
RBEE_minus_SFT_seed0,relation,sft_seed0,rbee_seed0,152,esc_test_10019_v0.wav,chainsaw followed by vacuum cleaner,-0.45609756097560983,"[[2.2, 11.75]]","[[2.0, 11.75], [14.75, 25.0]]","[[1.5, 11.75]]"
RBEE_minus_SFT_seed0,relation,sft_seed0,rbee_seed0,154,esc_test_10019_v0.wav,"chainsaw, and then vacuum cleaner",-0.45609756097560983,"[[2.2, 11.75]]","[[2.0, 11.75], [14.75, 25.0]]","[[1.5, 11.75]]"
RBEE_minus_SFT_seed0,relation,sft_seed0,rbee_seed0,157,esc_test_10019_v1.wav,vacuum cleaner followed by chainsaw,-0.5080831408775981,"[[2.0, 12.65]]","[[2.0, 12.65], [17.65, 28.65]]","[[2.0, 12.65]]"
RBEE_minus_SFT_seed0,relation,sft_seed0,rbee_seed0,158,esc_test_10019_v1.wav,"chainsaw, and then vacuum cleaner",-0.09574871892199649,"[[2.0, 12.65], [17.65, 28.3]]","[[1.957, 28.302]]","[[17.65, 28.3]]"
RBEE_minus_SFT_seed0,relation,sft_seed0,rbee_seed0,181,esc_test_10022_v1.wav,thunderstorm followed by fireworks,-0.002808988764044895,"[[2.0, 12.65]]","[[1.97, 12.65]]","[[2.0, 12.65]]"
RBEE_minus_SFT_seed0,relation,sft_seed0,rbee_seed0,183,esc_test_10022_v1.wav,"thunderstorm, and then fireworks",-0.00402132236042263,"[[2.0, 12.65]]","[[1.957, 12.65]]","[[2.0, 12.65]]"
RBEE_minus_SFT_seed0,relation,sft_seed0,rbee_seed0,185,esc_test_10023_v0.wav,thunderstorm followed by clapping,-0.004878048780488031,"[[14.95, 25.0]]","[[14.9, 24.9]]","[[14.75, 25.0]]"
RBEE_minus_SFT_seed0,relation,sft_seed0,rbee_seed0,186,esc_test_10023_v0.wav,"clapping, and then thunderstorm",-0.009568707991038039,"[[1.5, 11.8]]","[[1.5, 11.9]]","[[1.5, 11.75]]"
RBEE_minus_SFT_seed0,relation,sft_seed0,rbee_seed0,187,esc_test_10023_v0.wav,"thunderstorm, and then clapping",-0.00975609756097573,"[[14.9, 25.0]]","[[14.9, 24.9]]","[[14.75, 25.0]]"
RBEE_minus_SFT_seed0,relation,sft_seed0,rbee_seed0,190,esc_test_10023_v1.wav,"clapping, and then thunderstorm",-0.0046948356807512415,"[[17.65, 28.25]]","[[17.65, 28.2]]","[[17.65, 28.3]]"
RBEE_minus_SFT_seed0,relation,sft_seed0,rbee_seed0,191,esc_test_10023_v1.wav,"thunderstorm, and then clapping",-0.002808988764044895,"[[2.0, 12.65]]","[[1.97, 12.65]]","[[2.0, 12.65]]"
RBEE_minus_SFT_seed0,relation,sft_seed0,rbee_seed0,193,esc_test_10024_v0.wav,crying baby followed by clapping,-0.09756097560975607,"[[14.8, 25.0]]","[[14.8, 24.0]]","[[14.75, 25.0]]"
RBEE_minus_SFT_seed0,relation,sft_seed0,rbee_seed0,195,esc_test_10024_v0.wav,"crying baby, and then clapping",-0.09756097560975607,"[[14.8, 25.0]]","[[14.8, 24.0]]","[[14.75, 25.0]]"
RBEE_minus_SFT_seed0,relation,sft_seed0,rbee_seed0,197,esc_test_10024_v1.wav,crying baby followed by clapping,-0.0028169014084507005,"[[2.25, 12.2]]","[[2.25, 12.17]]","[[2.0, 12.65]]"
RBEE_minus_SFT_seed0,relation,sft_seed0,rbee_seed0,199,esc_test_10024_v1.wav,"crying baby, and then clapping",-0.0028169014084507005,"[[2.25, 12.2]]","[[2.25, 12.17]]","[[2.0, 12.65]]"
RBEE_minus_SFT_seed0,relation,sft_seed0,rbee_seed0,209,esc_test_10026_v0.wav,thunderstorm followed by sea waves,-0.00487804878048792,"[[14.75, 25.0]]","[[14.8, 25.0]]","[[14.75, 25.0]]"
RBEE_minus_SFT_seed0,relation,sft_seed0,rbee_seed0,211,esc_test_10026_v0.wav,"thunderstorm, and then sea waves",-0.00487804878048792,"[[14.75, 25.0]]","[[14.8, 25.0]]","[[14.75, 25.0]]"
RBEE_minus_SFT_seed0,relation,sft_seed0,rbee_seed0,216,esc_test_10027_v0.wav,keyboard typing followed by rooster,-0.2682926829268293,"[[1.5, 11.75]]","[[1.5, 9.0]]","[[1.5, 11.75]]"
RBEE_minus_SFT_seed0,relation,sft_seed0,rbee_seed0,217,esc_test_10027_v0.wav,rooster followed by keyboard typing,-0.09268292682926815,"[[14.75, 24.75]]","[[15.75, 24.8]]","[[14.75, 25.0]]"
RBEE_minus_SFT_seed0,relation,sft_seed0,rbee_seed0,218,esc_test_10027_v0.wav,"keyboard typing, and then rooster",-0.1707317073170732,"[[1.5, 11.75]]","[[1.5, 10.0]]","[[1.5, 11.75]]"
RBEE_minus_SFT_seed0,relation,sft_seed0,rbee_seed0,219,esc_test_10027_v0.wav,"rooster, and then keyboard typing",-0.019512195121951126,"[[15.75, 25.0]]","[[15.75, 24.8]]","[[14.75, 25.0]]"
RBEE_minus_SFT_seed0,relation,sft_seed0,rbee_seed0,223,esc_test_10027_v1.wav,"rooster, and then keyboard typing",-0.0008416721219489665,"[[1.957, 11.855]]","[[1.957, 11.846]]","[[2.0, 12.65]]"
RBEE_minus_SFT_seed0,relation,sft_seed0,rbee_seed0,224,esc_test_10028_v0.wav,crying baby followed by fireworks,-0.00487804878048792,"[[1.5, 9.25]]","[[1.5, 9.2]]","[[1.5, 11.75]]"
RBEE_minus_SFT_seed0,relation,sft_seed0,rbee_seed0,225,esc_test_10028_v0.wav,fireworks followed by crying baby,-0.004854368932038944,"[[14.75, 25.0]]","[[14.7, 25.0]]","[[14.75, 25.0]]"
RBEE_minus_SFT_seed0,relation,sft_seed0,rbee_seed0,226,esc_test_10028_v0.wav,"crying baby, and then fireworks",-0.00487804878048792,"[[1.5, 9.25]]","[[1.5, 9.2]]","[[1.5, 11.75]]"
RBEE_minus_SFT_seed0,relation,sft_seed0,rbee_seed0,236,esc_test_10029_v1.wav,rooster followed by thunderstorm,-0.0046948356807512415,"[[17.65, 28.25]]","[[17.65, 28.2]]","[[17.65, 28.3]]"
RBEE_minus_SFT_seed0,relation,sft_seed0,rbee_seed0,237,esc_test_10029_v1.wav,thunderstorm followed by rooster,-0.0022419159149653645,"[[2.0, 10.5]]","[[1.97, 10.5]]","[[2.0, 12.65]]"
RBEE_minus_SFT_seed0,relation,sft_seed0,rbee_seed0,238,esc_test_10029_v1.wav,"rooster, and then thunderstorm",-0.0046948356807512415,"[[17.65, 28.25]]","[[17.65, 28.2]]","[[17.65, 28.3]]"
RBEE_minus_SFT_seed0,relation,sft_seed0,rbee_seed0,239,esc_test_10029_v1.wav,"thunderstorm, and then rooster",-0.0022419159149653645,"[[2.0, 10.5]]","[[1.97, 10.5]]","[[2.0, 12.65]]"
RBEE_minus_SFT_seed0,relation,sft_seed0,rbee_seed0,249,esc_test_10031_v0.wav,sea waves followed by keyboard typing,-0.024390243902439046,"[[14.75, 25.0]]","[[14.75, 24.75]]","[[14.75, 25.0]]"
RBEE_minus_SFT_seed0,relation,sft_seed0,rbee_seed0,251,esc_test_10031_v0.wav,"sea waves, and then keyboard typing",-0.024390243902439046,"[[14.75, 25.0]]","[[14.75, 24.75]]","[[14.75, 25.0]]"
RBEE_minus_SFT_seed0,relation,sft_seed0,rbee_seed0,252,esc_test_10031_v1.wav,keyboard typing followed by sea waves,-0.008595641646489072,"[[7.65, 28.3]]","[[7.65, 28.65]]","[[17.65, 28.3]]"
RBEE_minus_SFT_seed0,relation,sft_seed0,rbee_seed0,258,esc_test_10032_v0.wav,"crying baby, and then rooster",-0.32464734903759307,"[[1.6, 9.6]]","[[1.6, 9.6], [14.75, 17.6], [20.15, 24.6]]","[[1.5, 11.75]]"
RBEE_minus_SFT_seed0,relation,sft_seed0,rbee_seed0,261,esc_test_10032_v1.wav,rooster followed by crying baby,-0.0009231047162059358,"[[2.35, 12.65]]","[[2.355, 12.655]]","[[2.0, 12.65]]"
RBEE_minus_SFT_seed0,relation,sft_seed0,rbee_seed0,263,esc_test_10032_v1.wav,"rooster, and then crying baby",-0.3951917057902974,"[[2.35, 12.65]]","[[2.355, 12.655], [17.655, 22.655], [23.655, 26.0]]","[[2.0, 12.65]]"
RBEE_minus_SFT_seed0,relation,sft_seed0,rbee_seed0,266,esc_test_10033_v0.wav,"chainsaw, and then fireworks",-0.5,"[[1.5, 11.75]]","[[1.5, 11.75], [14.75, 25.0]]","[[1.5, 11.75]]"
RBEE_minus_SFT_seed0,relation,sft_seed0,rbee_seed0,289,esc_test_10036_v0.wav,keyboard typing followed by dog,-0.09756097560975607,"[[14.75, 25.0]]","[[14.75, 24.0]]","[[14.75, 25.0]]"
RBEE_minus_SFT_seed0,relation,sft_seed0,rbee_seed0,291,esc_test_10036_v0.wav,"keyboard typing, and then dog",-0.09756097560975607,"[[14.75, 25.0]]","[[14.75, 24.0]]","[[14.75, 25.0]]"
RBEE_minus_SFT_seed0,relation,sft_seed0,rbee_seed0,317,esc_test_10039_v1.wav,vacuum cleaner followed by rooster,-0.002424587364826314,"[[2.0, 19.5]]","[[2.0, 19.57]]","[[2.0, 12.65]]"
RBEE_minus_SFT_seed0,relation,sft_seed0,rbee_seed0,319,esc_test_10039_v1.wav,"vacuum cleaner, and then rooster",-0.002424587364826314,"[[2.0, 19.5]]","[[2.0, 19.57]]","[[2.0, 12.65]]"
RBEE_minus_SFT_seed0,public,sft_seed0,rbee_seed0,4,eXQYEfqCU08_38_68.wav,train horning,-0.024499999999999966,"[[0.0, 4.0]]","[[0.0, 3.902]]","[[0.0, 4.0]]"
RBEE_minus_SFT_seed0,public,sft_seed0,rbee_seed0,6,Knhb_BCn5Bc_55_75.wav,church bell ringing,-3.91427447831022e-05,"[[0.0, 19.957]]","[[0.0, 19.97]]","[[11.4, 12.6]]"
RBEE_minus_SFT_seed0,public,sft_seed0,rbee_seed0,12,THhP1idrWXA_0_60.wav,people coughing,-0.10136363636363555,"[[37.802, 40.0]]","[[37.874, 38.874]]","[[37.8, 39.4]]"
RBEE_minus_SFT_seed0,public,sft_seed0,rbee_seed0,17,b62RgDBmly8_0_50.wav,male singing,-0.0006213297154907815,"[[26.291, 49.902]]","[[26.235, 49.902]]","[[39.2, 45.4]]"
RBEE_minus_SFT_seed0,public,sft_seed0,rbee_seed0,31,ebRLSVHIGEE_10_50.wav,thunder,-0.024875621890547255,"[[0.0, 33.5]]","[[0.0, 3.0], [17.0, 33.0]]","[[2.6, 4.1]]"
RBEE_minus_SFT_seed0,public,sft_seed0,rbee_seed0,37,SUFOgc9Pkd8_0_25.wav,dog barking,-0.00025545067886001416,"[[5.855, 8.509]]","[[5.855, 8.51]]","[[5.9, 6.7], [7.3, 8.3]]"
RBEE_minus_SFT_seed0,public,sft_seed0,rbee_seed0,39,AJttSbZwVew_0_42.wav,driving motorcycle,-0.010303030303029925,"[[38.701, 41.902]]","[[38.735, 41.902]]","[[38.7, 42.0]]"
RBEE_minus_SFT_seed0,public,sft_seed0,rbee_seed0,61,EyAkVnhBJuU_28_78.wav,horse clip-clop,-0.0038679418733327253,"[[0.0, 7.791]]","[[0.0, 7.0]]","[[0.0, 7.4]]"
RBEE_minus_SFT_seed0,public,sft_seed0,rbee_seed0,84,GVGw7gumeSI_200_260.wav,baby babbling,-0.004239615516650419,"[[37.874, 43.874]]","[[37.874, 43.51]]","[[38.0, 43.7]]"
RBEE_minus_SFT_seed0,public,sft_seed0,rbee_seed0,86,buK45NW_ikI_120_180.wav,baby crying,-0.08935506348492134,"[[5.457, 7.457], [11.124, 13.124]]","[[5.457, 7.0], [11.124, 13.0]]","[[5.5, 6.2], [7.1, 7.8], [8.8, 9.3], [11.2, 12.0], [12.9, 13.3]]"
RBEE_minus_SFT_seed0,public,sft_seed0,rbee_seed0,93,eNUpTV9BGac_380_420.wav,bird chirping,-0.011840228245363793,"[[15.874, 22.51]]","[[15.957, 22.51]]","[[15.5, 22.5]]"
RBEE_minus_SFT_seed0,public,sft_seed0,rbee_seed0,96,p7k7ivFz-ko_10_70.wav,bull bellowing,-0.001681412812442773,"[[4.235, 24.235]]","[[4.235, 24.513]]","[[4.7, 7.1], [14.9, 20.3], [22.7, 24.3]]"
RBEE_minus_SFT_seed0,public,sft_seed0,rbee_seed0,109,2QmpHws37pM_240_300.wav,dog howling,-0.014533401325853845,"[[50.0, 56.5]]","[[50.0, 53.5]]","[[50.2, 51.7], [23.8, 24.7], [55.8, 56.3], [53.0, 53.9]]"
RBEE_minus_SFT_seed0,public,sft_seed0,rbee_seed0,110,hZfIwRPjkvM_30_90.wav,dog howling,-0.005649717514124353,"[[42.302, 59.902]]","[[42.402, 59.902]]","[[42.3, 44.7], [51.4, 60.0]]"
RBEE_minus_SFT_seed0,public,sft_seed0,rbee_seed0,116,Bad9JIBFoOI_20_80.wav,engine knocking,-0.014697567702502856,"[[0.0, 10.735]]","[[0.0, 10.902]]","[[0.1, 10.4]]"
RBEE_minus_SFT_seed0,public,sft_seed0,rbee_seed0,118,Ud0MIgXET3g_0_62.wav,female singing,-0.021063062678164463,"[[7.51, 11.01], [58.738, 61.92]]","[[7.51, 11.01], [58.965, 61.965]]","[[54.2, 61.3]]"
RBEE_minus_SFT_seed0,public,sft_seed0,rbee_seed0,126,vGIs0GU1V6M_90_150.wav,hair dryer drying,-0.006605257245562934,"[[0.0, 14.51], [20.01, 50.01]]","[[0.0, 10.0], [15.0, 50.0]]","[[0.0, 8.3], [31.3, 50.0]]"
RBEE_minus_SFT_seed0,public,sft_seed0,rbee_seed0,128,R-zSFC6DUb8_127_157.wav,helicopter,-0.06578947368421062,"[[23.5, 29.0]]","[[24.0, 29.0]]","[[23.2, 29.1], [0.0, 1.7]]"
RBEE_minus_SFT_seed0,public,sft_seed0,rbee_seed0,137,Jk-UdLEfRPY_90_150.wav,machine gun shooting,-0.29438329099633065,"[[41.957, 43.0], [47.957, 49.0], [54.624, 55.624]]","[[41.957, 43.0], [54.624, 55.624]]","[[42.0, 43.1], [47.9, 49.0], [54.6, 55.9]]"
RBEE_minus_SFT_seed0,public,sft_seed0,rbee_seed0,138,FidGPhNC4sc_0_60.wav,machine gun shooting,-0.03700782487638632,"[[37.735, 49.51], [57.235, 59.01]]","[[37.902, 49.51], [57.238, 59.902]]","[[38.0, 41.9], [43.3, 44.4], [45.6, 49.8], [57.0, 58.9]]"
RBEE_minus_SFT_seed0,public,sft_seed0,rbee_seed0,139,1nnndhSc4iw_12_72.wav,male singing,-0.007234042553191267,"[[12.701, 17.0]]","[[12.735, 17.0]]","[[12.3, 17.0]]"
RBEE_minus_SFT_seed0,public,sft_seed0,rbee_seed0,140,DT6yrXYdED4_90_150.wav,male singing,-0.00564042327274572,"[[21.556, 32.556]]","[[21.588, 32.588]]","[[21.4, 32.4]]"
RBEE_minus_SFT_seed0,public,sft_seed0,rbee_seed0,145,oNTF2t8gUIM_184_276.wav,people battle cry,-0.0040060578399236935,"[[22.601, 44.51]]","[[22.51, 44.51]]","[[22.6, 44.3]]"
RBEE_minus_SFT_seed0,public,sft_seed0,rbee_seed0,149,l22_mm7qDoI_0_60.wav,people cheering,-0.538911209517386,"[[10.0, 20.0], [36.5, 39.5], [48.5, 51.5]]","[[36.902, 39.51], [48.51, 51.51]]","[[10.0, 20.0], [37.2, 41.0], [48.7, 52.3]]"
RBEE_minus_SFT_seed0,public,sft_seed0,rbee_seed0,150,l22_mm7qDoI_79_139.wav,people cheering,-0.011979279084826322,"[[7.235, 13.624], [28.457, 31.457]]","[[7.235, 13.624], [28.457, 31.235]]","[[7.4, 13.6], [29.1, 40.6]]"
RBEE_minus_SFT_seed0,public,sft_seed0,rbee_seed0,153,1Y-C9RMyaQQ_0_53.wav,people coughing,-0.5725952315702936,"[[44.0, 52.9]]","[[4.802, 6.0]]","[[5.8, 6.4], [46.5, 52.2]]"
RBEE_minus_SFT_seed0,public,sft_seed0,rbee_seed0,156,ATv_bcvl_68_0_60.wav,people eating,-0.006704742803388064,"[[36.302, 39.0], [52.6, 59.9]]","[[36.235, 39.0], [52.624, 59.902]]","[[52.4, 60.0]]"
RBEE_minus_SFT_seed0,public,sft_seed0,rbee_seed0,158,Y8Ku0WMqT1I_0_60.wav,people laughing,-0.1632282687021275,"[[23.65, 24.65], [38.5, 39.5], [48.0, 49.0], [52.9, 53.9]]","[[23.51, 24.51], [38.51, 39.51], [48.01, 49.01]]","[[23.3, 24.1], [52.8, 53.8]]"
RBEE_minus_SFT_seed0,public,sft_seed0,rbee_seed0,160,kw6sagBOLw0_0_57.wav,people nose blowing,-0.09567905390847187,"[[1.8, 8.0], [11.75, 13.0], [22.5, 25.0], [36.9, 38.0], [44.0, 45.0], [47.0, 49.0]]","[[4.302, 8.0], [11.702, 12.702], [36.902, 38.0], [46.902, 49.0]]","[[1.7, 7.6]]"
RBEE_minus_SFT_seed0,public,sft_seed0,rbee_seed0,162,FCBJ1C6_hig_90_120.wav,people running,-0.0026442307692307876,"[[10.3, 29.5]]","[[10.302, 29.802]]","[[23.6, 26.9]]"
RBEE_minus_SFT_seed0,public,sft_seed0,rbee_seed0,167,svGaoZgFKAE_0_30.wav,people slapping,-0.0045755451713402895,"[[1.235, 2.235], [26.5, 27.5], [28.5, 29.5]]","[[1.235, 2.235], [26.51, 27.51], [28.51, 29.51]]","[[1.3, 1.7], [26.6, 27.1], [28.3, 29.1]]"
RBEE_minus_SFT_seed0,public,sft_seed0,rbee_seed0,169,IMu64HnPEt8_0_60.wav,people slurping,-0.0018038221528857423,"[[41.701, 42.701], [53.5, 54.5]]","[[41.735, 42.735], [53.51, 54.51]]","[[36.4, 40.6], [53.3, 54.5]]"
RBEE_minus_SFT_seed0,public,sft_seed0,rbee_seed0,174,k-dhOJF2MuY_120_162.wav,people whispering,-0.0024231210985593554,"[[5.0, 8.0], [13.5, 17.0], [21.75, 28.0], [31.9, 33.9], [36.25, 37.25], [39.8, 40.8]]","[[5.0, 7.902], [13.5, 17.0], [21.7, 28.0], [31.9, 33.9], [36.2, 37.2], [39.8, 40.8]]","[[5.6, 7.8], [21.8, 34.1], [36.3, 37.5], [40.0, 40.6]]"
RBEE_minus_SFT_seed0,public,sft_seed0,rbee_seed0,177,n9tNhq9EhoQ_0_90.wav,people whistling,-0.2281667977970101,"[[5.402, 6.402], [59.0, 61.0]]","[[5.402, 6.402], [58.902, 61.902]]","[[5.4, 6.5], [59.1, 61.0]]"
RBEE_minus_SFT_seed0,public,sft_seed0,rbee_seed0,182,_5TXy_J6xJI_120_180.wav,playing badminton,-0.04857813563339641,"[[44.201, 48.51], [54.01, 55.01]]","[[44.0, 48.0], [54.0, 55.0]]","[[42.2, 43.1], [45.4, 49.2], [54.3, 60.0]]"
RBEE_minus_SFT_seed0,public,sft_seed0,rbee_seed0,187,Z8tPJMXc1jU_15_75.wav,playing bass guitar,-0.05647887323943657,"[[0.0, 12.802]]","[[0.0, 12.0]]","[[0.0, 14.2]]"
RBEE_minus_SFT_seed0,public,sft_seed0,rbee_seed0,191,ApUqq2bp87o_342_432.wav,playing clarinet,-0.03933933933933953,"[[10.5, 20.5]]","[[10.51, 20.101]]","[[10.6, 13.0], [14.3, 15.7], [16.9, 18.1], [19.5, 20.5]]"
RBEE_minus_SFT_seed0,public,sft_seed0,rbee_seed0,196,x5hH5PRjpY4_48_108.wav,playing electronic organ,-0.007359411845784258,"[[23.808, 38.808]]","[[23.802, 38.702]]","[[24.0, 39.0]]"
RBEE_minus_SFT_seed0,public,sft_seed0,rbee_seed0,214,asx3wwdO178_12_72.wav,playing tabla,-0.0032869731350497755,"[[1.75, 15.0]]","[[1.701, 15.0]]","[[1.9, 15.7]]"
RBEE_minus_SFT_seed0,public,sft_seed0,rbee_seed0,220,TflgyCIZEYM_131_170.wav,playing trombone,-0.002635476206506282,"[[15.601, 20.0]]","[[15.588, 20.0]]","[[15.7, 20.2]]"
RBEE_minus_SFT_seed0,public,sft_seed0,rbee_seed0,227,zXkCycV2G7A_150_210.wav,playing volleyball,-0.0022942865084030206,"[[9.235, 11.0], [25.5, 33.0]]","[[9.235, 11.009], [25.509, 33.009]]","[[9.0, 9.6], [25.3, 32.3]]"
RBEE_minus_SFT_seed0,public,sft_seed0,rbee_seed0,229,q8PSwyIEkj4_104_164.wav,playing zither,-0.00038076314455776084,"[[36.457, 52.0]]","[[36.402, 52.01]]","[[41.4, 44.8], [50.2, 53.7]]"
RBEE_minus_SFT_seed0,public,sft_seed0,rbee_seed0,230,ZDB9fuxt1zc_0_30.wav,playing zither,-0.05376344086021512,"[[0.0, 8.5]]","[[0.0, 8.0]]","[[0.0, 9.3]]"
RBEE_minus_SFT_seed0,public,sft_seed0,rbee_seed0,252,LBDMSBCqEMM_0_78.wav,tap dancing,-0.059586550639375124,"[[50.0, 71.0]]","[[59.51, 71.51]]","[[43.0, 46.0], [54.7, 71.6]]"
RBEE_minus_SFT_seed0,public,sft_seed0,rbee_seed0,255,7ZNOCgxSi5Y_11_71.wav,thunder,-0.02359374999999997,"[[0.0, 12.302]]","[[0.0, 12.0]]","[[2.7, 12.8]]"
RBEE_minus_SFT_seed0,public,sft_seed0,rbee_seed0,262,s6twpD2TrzM_1200_1290.wav,typing on computer keyboard,-0.13032277269485631,"[[31.3, 63.0]]","[[30.874, 59.0]]","[[32.7, 36.8], [40.7, 41.8], [50.2, 63.4]]"
RBEE_minus_SFT_seed0,public,sft_seed0,rbee_seed0,275,0mZQ6Q-viPw_0_33.wav,dog barking,-0.046666666666666856,"[[0.0, 2.0]]","[[0.0, 1.902]]","[[0.4, 2.1]]"
RBEE_minus_SFT_seed0,public,sft_seed0,rbee_seed0,279,s9d-2nhuJCQ_30_90.wav,people clapping,-0.023371506794430893,"[[0.0, 59.902]]","[[0.0, 5.0]]","[[7.3, 8.7]]"
RBEE_minus_SFT_seed0,public,sft_seed0,rbee_seed0,282,s9d-2nhuJCQ_30_90.wav,people whistling,-0.023371506794430893,"[[0.0, 59.902]]","[[0.0, 5.0]]","[[5.7, 6.5], [8.3, 8.9]]"
RBEE_minus_SFT_seed0,public,sft_seed0,rbee_seed0,289,ZGYN5mMXpFM_0_25.wav,playing banjo,-0.0365984344325756,"[[2.101, 7.01]]","[[1.902, 7.0]]","[[2.1, 7.0]]"
RBEE_minus_SFT_seed0,public,sft_seed0,rbee_seed0,302,kyWcuQW-tII_0_68.wav,playing drum kit,-0.0015254237288135908,"[[47.65, 53.0]]","[[47.659, 53.0]]","[[47.6, 53.5]]"
RBEE_minus_SFT_seed0,public,sft_seed0,rbee_seed0,318,efCmmDDnT74_0_80.wav,playing piano,-0.05365808823529339,"[[59.51, 65.124]]","[[59.0, 65.0]]","[[59.4, 65.8]]"
RBEE_minus_SFT_seed0,public,sft_seed0,rbee_seed0,332,uDbZvKBd-sk_90_150.wav,playing trombone,-0.008377192982453097,"[[52.75, 56.5]]","[[52.791, 56.124]]","[[52.7, 56.3]]"
RBEE_minus_SFT_seed0,public,sft_seed0,rbee_seed0,335,fBgbJcDjsLs_25_68.wav,playing trumpet,-0.04964908758659792,"[[20.874, 24.51], [33.283, 36.51]]","[[20.874, 24.124], [33.291, 36.51]]","[[20.9, 24.9], [33.5, 36.9]]"
RBEE_minus_SFT_seed0,public,sft_seed0,rbee_seed0,341,awNdAWg1oik_130_190.wav,playing zither,-0.03448275862068967,"[[28.402, 42.51]]","[[28.402, 42.01]]","[[28.4, 30.5], [37.1, 42.9]]"
RBEE_minus_SFT_seed0,public,sft_seed0,rbee_seed0,344,KT-rYg9B_CM_420_480.wav,skateboarding,-0.08909090909090916,"[[6.5, 9.0]]","[[6.902, 9.01]]","[[6.2, 10.6]]"
RBEE_minus_SFT_seed0,public,sft_seed0,rbee_seed0,345,KT-rYg9B_CM_160_190.wav,skateboarding,-0.5521621621621621,"[[0.0, 1.0], [12.457, 14.5]]","[[0.0, 1.0]]","[[12.3, 15.0]]"
RBEE_minus_SFT_seed0,public,sft_seed0,rbee_seed0,349,qiV8azj6bDY_300_360.wav,train horning,-0.04400444938820902,"[[17.283, 20.0]]","[[17.283, 19.51]]","[[16.9, 19.8]]"
RBEE_minus_SFT_seed0,public,sft_seed0,rbee_seed0,350,gUZOZP-sgng_310_370.wav,typing on computer keyboard,-0.09925093632958837,"[[13.902, 17.01], [27.374, 30.01]]","[[13.902, 17.01], [27.374, 29.374]]","[[27.3, 30.6]]"
RBEE_minus_SFT_seed0,public,sft_seed0,rbee_seed0,363,Ir-KZH0uEC0_0_60.wav,playing tabla,-0.020033442493335385,"[[55.75, 56.75], [59.0, 59.902]]","[[55.731, 56.731], [59.0, 59.957]]","[[55.8, 56.5], [58.9, 59.8]]"
RBEE_minus_SFT_seed0,public,sft_seed0,rbee_seed0,368,YJ2O7vQfeiE_155_215.wav,playing erhu,-0.0008143871528344393,"[[46.75, 58.902]]","[[46.791, 58.957]]","[[46.8, 51.6], [54.3, 58.1]]"
RBEE_minus_SFT_seed0,public,sft_seed0,rbee_seed0,369,Izf5sGMI1CY_0_40.wav,playing clarinet,-0.007057057057057059,"[[5.5, 16.5], [24.3, 29.3], [34.3, 36.3]]","[[5.5, 16.5], [24.3, 29.3], [34.3, 36.8]]","[[5.6, 6.9], [10.0, 11.4], [14.0, 16.0]]"
RBEE_minus_SFT_seed0,public,sft_seed0,rbee_seed0,370,KZU9oEtNxY8_0_60.wav,playing banjo,-0.0005438723712832827,"[[13.65, 16.8]]","[[13.65, 16.802]]","[[13.8, 16.5]]"
RBEE_minus_SFT_seed0,public,sft_seed0,rbee_seed0,393,kKsT1xzVLDk_0_60.wav,people eating,-0.04,"[[0.0, 1.0], [7.124, 8.124], [14.374, 15.374], [20.7, 21.7], [25.7, 26.7], [38.0, 39.0], [53.5, 54.5]]","[[0.0, 1.0], [7.124, 8.124], [14.374, 15.374], [20.7, 21.7], [25.7, 26.7], [38.0, 40.0], [49.5, 50.5]]","[[54.0, 60.0]]"
RBEE_minus_SFT_seed0,public,sft_seed0,rbee_seed0,394,kKsT1xzVLDk_115_145.wav,people whispering,-0.0075398595359813525,"[[11.957, 13.5], [19.25, 20.25]]","[[11.902, 13.5], [19.25, 20.25]]","[[0.0, 1.0], [12.0, 13.5], [19.1, 20.8]]"
RBEE_minus_SFT_seed0,public,sft_seed0,rbee_seed0,397,J6_-SaW_GUE_0_60.wav,basketball bounce,-0.32999999999999974,"[[34.0, 36.5]]","[[34.0, 35.0]]","[[34.3, 36.0]]"
RBEE_minus_SFT_seed0,public,sft_seed0,rbee_seed0,398,zbWFCrbyMYQ_20_105.wav,people crowd,-0.06364860137108819,"[[0.0, 2.0], [29.8, 31.8], [39.0, 40.0], [50.0, 51.0], [76.5, 77.5]]","[[0.0, 2.0], [29.701, 31.701], [39.0, 40.0], [50.0, 51.0], [56.0, 57.0], [76.0, 77.0], [80.0, 81.0]]","[[1.4, 2.7], [29.5, 31.5], [48.7, 50.4], [76.3, 79.8]]"
RBEE_minus_official,relation,official,rbee_seed0,4,esc_test_10000_v1.wav,crying baby followed by dog,-0.04402071656860734,"[[7.893, 12.01], [17.783, 22.283], [23.374, 24.374]]","[[7.9, 24.35]]","[[17.65, 28.3]]"
RBEE_minus_official,relation,official,rbee_seed0,6,esc_test_10000_v1.wav,"crying baby, and then dog",-0.04402071656860734,"[[7.893, 12.01], [17.783, 22.283], [23.374, 24.374]]","[[7.9, 24.35]]","[[17.65, 28.3]]"
RBEE_minus_official,relation,official,rbee_seed0,109,esc_test_10013_v1.wav,clapping followed by chainsaw,-0.3058103975535168,"[[2.004, 7.004], [23.304, 29.004]]","[[23.3, 28.3]]","[[2.0, 12.65]]"
RBEE_minus_official,relation,official,rbee_seed0,156,esc_test_10019_v1.wav,chainsaw followed by vacuum cleaner,-0.059558491589882634,"[[1.97, 12.624], [17.624, 29.932]]","[[1.957, 28.302]]","[[17.65, 28.3]]"
RBEE_minus_official,relation,official,rbee_seed0,158,esc_test_10019_v1.wav,"chainsaw, and then vacuum cleaner",-0.07521927537796635,"[[1.97, 7.036], [7.647, 12.47], [17.647, 29.97]]","[[1.957, 28.302]]","[[17.65, 28.3]]"
RBEE_minus_official,relation,official,rbee_seed0,252,esc_test_10031_v1.wav,keyboard typing followed by sea waves,-0.05239531276925702,"[[7.647, 12.783], [17.647, 22.874], [23.783, 29.92]]","[[7.65, 28.65]]","[[17.65, 28.3]]"
RBEE_minus_official,relation,official,rbee_seed0,286,esc_test_10035_v1.wav,"crying baby, and then sea waves",-0.06914514099005575,"[[7.647, 12.513], [17.647, 22.647], [23.42, 29.92]]","[[7.65, 28.65]]","[[17.65, 28.3]]"
RBEE_minus_official,relation,official,rbee_seed0,304,esc_test_10038_v0.wav,fireworks followed by keyboard typing,-0.3278688524590163,"[[6.735, 11.735], [14.735, 19.735]]","[[14.75, 19.75]]","[[1.5, 11.75]]"
RBEE_minus_official,relation,official,rbee_seed0,306,esc_test_10038_v0.wav,"fireworks, and then keyboard typing",-0.3295833605860423,"[[6.701, 11.74], [14.701, 19.74]]","[[14.75, 19.75]]","[[1.5, 11.75]]"
RBEE_minus_official,relation,official,rbee_seed1,4,esc_test_10000_v1.wav,crying baby followed by dog,-0.04402071656860734,"[[7.893, 12.01], [17.783, 22.283], [23.374, 24.374]]","[[7.9, 24.35]]","[[17.65, 28.3]]"
RBEE_minus_official,relation,official,rbee_seed1,6,esc_test_10000_v1.wav,"crying baby, and then dog",-0.04402071656860734,"[[7.893, 12.01], [17.783, 22.283], [23.374, 24.374]]","[[7.9, 24.35]]","[[17.65, 28.3]]"
RBEE_minus_official,relation,official,rbee_seed1,109,esc_test_10013_v1.wav,clapping followed by chainsaw,-0.3058103975535168,"[[2.004, 7.004], [23.304, 29.004]]","[[22.3, 23.3]]","[[2.0, 12.65]]"
RBEE_minus_official,relation,official,rbee_seed1,156,esc_test_10019_v1.wav,chainsaw followed by vacuum cleaner,-0.05932819272105733,"[[1.97, 12.624], [17.624, 29.932]]","[[1.97, 28.3]]","[[17.65, 28.3]]"
RBEE_minus_official,relation,official,rbee_seed1,157,esc_test_10019_v1.wav,vacuum cleaner followed by chainsaw,-0.05253878277629803,"[[1.97, 12.624], [17.624, 29.932]]","[[2.0, 28.0]]","[[2.0, 12.65]]"
RBEE_minus_official,relation,official,rbee_seed1,158,esc_test_10019_v1.wav,"chainsaw, and then vacuum cleaner",-0.07521927537796635,"[[1.97, 7.036], [7.647, 12.47], [17.647, 29.97]]","[[1.957, 28.302]]","[[17.65, 28.3]]"
RBEE_minus_official,relation,official,rbee_seed1,159,esc_test_10019_v1.wav,"vacuum cleaner, and then chainsaw",-0.05177608589621102,"[[1.97, 12.624], [17.624, 29.97]]","[[2.0, 28.0]]","[[2.0, 12.65]]"
RBEE_minus_official,relation,official,rbee_seed1,185,esc_test_10023_v0.wav,thunderstorm followed by clapping,-0.2316388710711994,"[[6.902, 9.124], [14.957, 17.846]]","[[6.9, 11.9]]","[[14.75, 25.0]]"
RBEE_minus_official,relation,official,rbee_seed1,252,esc_test_10031_v1.wav,keyboard typing followed by sea waves,-0.05239531276925702,"[[7.647, 12.783], [17.647, 22.874], [23.783, 29.92]]","[[7.65, 28.65]]","[[17.65, 28.3]]"
RBEE_minus_official,relation,official,rbee_seed1,254,esc_test_10031_v1.wav,"keyboard typing, and then sea waves",-0.05239531276925702,"[[7.647, 12.783], [17.647, 22.874], [23.783, 29.92]]","[[7.65, 28.65]]","[[17.65, 28.3]]"
RBEE_minus_official,relation,official,rbee_seed1,286,esc_test_10035_v1.wav,"crying baby, and then sea waves",-0.06914514099005575,"[[7.647, 12.513], [17.647, 22.647], [23.42, 29.92]]","[[7.65, 28.65]]","[[17.65, 28.3]]"
RBEE_minus_official,relation,official,rbee_seed1,306,esc_test_10038_v0.wav,"fireworks, and then keyboard typing",-0.3295833605860423,"[[6.701, 11.74], [14.701, 19.74]]","[[14.75, 19.75]]","[[1.5, 11.75]]"
RBEE_minus_official,relation,official,rbee_seed1,308,esc_test_10038_v1.wav,fireworks followed by keyboard typing,-0.00021197689712099121,"[[2.004, 28.004]]","[[2.0, 28.0]]","[[17.65, 28.3]]"
RBEE_minus_official,relation,official,rbee_seed1,310,esc_test_10038_v1.wav,"fireworks, and then keyboard typing",-0.00021197689712099121,"[[2.004, 28.004]]","[[2.0, 28.0]]","[[17.65, 28.3]]"
RBEE_minus_official,relation,official,rbee_seed1,315,esc_test_10039_v0.wav,"vacuum cleaner, and then rooster",-0.006135758547820336,"[[6.791, 21.846]]","[[6.75, 21.75]]","[[14.75, 25.0]]"
RBEE_minus_official,relation,official,rbee_seed2,4,esc_test_10000_v1.wav,crying baby followed by dog,-0.04402071656860734,"[[7.893, 12.01], [17.783, 22.283], [23.374, 24.374]]","[[7.9, 24.35]]","[[17.65, 28.3]]"
RBEE_minus_official,relation,official,rbee_seed2,6,esc_test_10000_v1.wav,"crying baby, and then dog",-0.04402071656860734,"[[7.893, 12.01], [17.783, 22.283], [23.374, 24.374]]","[[7.9, 24.35]]","[[17.65, 28.3]]"
RBEE_minus_official,relation,official,rbee_seed2,156,esc_test_10019_v1.wav,chainsaw followed by vacuum cleaner,-0.05932819272105733,"[[1.97, 12.624], [17.624, 29.932]]","[[1.97, 28.3]]","[[17.65, 28.3]]"
RBEE_minus_official,relation,official,rbee_seed2,158,esc_test_10019_v1.wav,"chainsaw, and then vacuum cleaner",-0.07521927537796635,"[[1.97, 7.036], [7.647, 12.47], [17.647, 29.97]]","[[1.957, 28.302]]","[[17.65, 28.3]]"
RBEE_minus_official,relation,official,rbee_seed2,185,esc_test_10023_v0.wav,thunderstorm followed by clapping,-0.1370442764766048,"[[6.902, 9.124], [14.957, 17.846]]","[[6.5, 16.5]]","[[14.75, 25.0]]"
RBEE_minus_official,relation,official,rbee_seed2,212,esc_test_10026_v1.wav,sea waves followed by thunderstorm,-0.3919192894381154,"[[1.97, 7.036], [7.659, 12.659], [17.659, 20.778], [23.278, 28.278]]","[[1.97, 7.0]]","[[17.65, 28.3]]"
RBEE_minus_official,relation,official,rbee_seed2,252,esc_test_10031_v1.wav,keyboard typing followed by sea waves,-0.05239531276925702,"[[7.647, 12.783], [17.647, 22.874], [23.783, 29.92]]","[[7.65, 28.65]]","[[17.65, 28.3]]"
RBEE_minus_official,relation,official,rbee_seed2,254,esc_test_10031_v1.wav,"keyboard typing, and then sea waves",-0.05239531276925702,"[[7.647, 12.783], [17.647, 22.874], [23.783, 29.92]]","[[7.65, 28.65]]","[[17.65, 28.3]]"
RBEE_minus_official,relation,official,rbee_seed2,260,esc_test_10032_v1.wav,crying baby followed by rooster,-0.060879039962253245,"[[7.679, 12.624], [17.679, 22.624], [23.679, 26.124]]","[[7.67, 26.17]]","[[17.65, 28.3]]"
RBEE_minus_official,relation,official,rbee_seed2,286,esc_test_10035_v1.wav,"crying baby, and then sea waves",-0.06914514099005575,"[[7.647, 12.513], [17.647, 22.647], [23.42, 29.92]]","[[7.65, 28.65]]","[[17.65, 28.3]]"
RBEE_minus_official,relation,official,rbee_seed2,289,esc_test_10036_v0.wav,keyboard typing followed by dog,-0.34711664482306687,"[[6.74, 11.74], [14.74, 20.047]]","[[6.75, 11.75]]","[[14.75, 25.0]]"
RBEE_minus_official,relation,official,rbee_seed2,304,esc_test_10038_v0.wav,fireworks followed by keyboard typing,-0.3278688524590163,"[[6.735, 11.735], [14.735, 19.735]]","[[14.75, 19.75]]","[[1.5, 11.75]]"
RBEE_minus_official,relation,official,rbee_seed2,306,esc_test_10038_v0.wav,"fireworks, and then keyboard typing",-0.3295833605860423,"[[6.701, 11.74], [14.701, 19.74]]","[[14.75, 19.75]]","[[1.5, 11.75]]"
RBEE_minus_official,relation,official,rbee_seed2,307,esc_test_10038_v0.wav,"keyboard typing, and then fireworks",-0.00042024452536781887,"[[6.735, 11.735], [14.735, 19.735]]","[[6.7, 11.74], [14.74, 19.74]]","[[14.75, 25.0]]"
RBEE_minus_official,relation,official,rbee_seed2,308,esc_test_10038_v1.wav,fireworks followed by keyboard typing,-0.00021197689712099121,"[[2.004, 28.004]]","[[2.0, 28.0]]","[[17.65, 28.3]]"
RBEE_minus_official,relation,official,rbee_seed2,310,esc_test_10038_v1.wav,"fireworks, and then keyboard typing",-0.00021197689712099121,"[[2.004, 28.004]]","[[2.0, 28.0]]","[[17.65, 28.3]]"
RBEE_minus_official,relation,official,rbee_seed2,313,esc_test_10039_v0.wav,vacuum cleaner followed by rooster,-0.006135758547820336,"[[6.791, 21.846]]","[[6.75, 21.75]]","[[14.75, 25.0]]"
RBEE_minus_official,relation,official,rbee_seed2,315,esc_test_10039_v0.wav,"vacuum cleaner, and then rooster",-0.006135758547820336,"[[6.791, 21.846]]","[[6.75, 21.75]]","[[14.75, 25.0]]"
RBEE_minus_official,public,official,rbee_seed0,1,_Uro9suV3xU_45_135.wav,hair dryer drying,-0.045345647862134464,"[[80.874, 84.124]]","[[80.802, 84.0]]","[[81.0, 84.8]]"
RBEE_minus_official,public,official,rbee_seed0,4,eXQYEfqCU08_38_68.wav,train horning,-0.017000000000000015,"[[0.0, 3.97]]","[[0.0, 3.902]]","[[0.0, 4.0]]"
RBEE_minus_official,public,official,rbee_seed0,5,OD54eF2XKJA_0_30.wav,people cheering,-0.011638135483592993,"[[23.374, 25.013]]","[[23.0, 25.0]]","[[23.8, 30.0]]"
RBEE_minus_official,public,official,rbee_seed0,13,I5W0Nnn1zFk_0_60.wav,bird chirping,-0.0024074074074070806,"[[48.735, 50.013]]","[[48.735, 50.0]]","[[22.0, 23.4], [28.0, 29.5], [42.0, 42.8], [48.7, 50.4]]"
RBEE_minus_official,public,official,rbee_seed0,18,b62RgDBmly8_0_30.wav,singing choir,-0.004615384615384799,"[[26.235, 29.92]]","[[26.235, 29.902]]","[[26.1, 30.0]]"
RBEE_minus_official,public,official,rbee_seed0,20,gJ1EjXFq5vQ_390_450.wav,people whistling,-0.040684049331400796,"[[20.735, 23.513]]","[[20.735, 23.0]]","[[20.7, 23.3]]"
RBEE_minus_official,public,official,rbee_seed0,21,5VElNpaNPoo_0_60.wav,baby babbling,-0.0353118459606544,"[[41.624, 44.013]]","[[41.51, 44.01]]","[[42.0, 43.9]]"
RBEE_minus_official,public,official,rbee_seed0,22,5VElNpaNPoo_0_60.wav,machine gun shooting,-0.02726508137111988,"[[33.457, 34.457], [36.738, 37.738], [44.238, 45.238]]","[[33.457, 34.457], [36.846, 37.846], [44.235, 45.235]]","[[33.4, 33.9], [35.1, 35.8], [36.6, 37.1], [38.4, 38.9], [44.0, 44.5]]"
RBEE_minus_official,public,official,rbee_seed0,27,QIRX5273XKk_0_58.wav,people cheering,-0.004066784648111277,"[[28.013, 33.013]]","[[28.0, 33.0]]","[[28.3, 33.8]]"
RBEE_minus_official,public,official,rbee_seed0,31,ebRLSVHIGEE_10_50.wav,thunder,-0.16887999029244027,"[[0.0, 3.374]]","[[0.0, 3.0], [17.0, 33.0]]","[[2.6, 4.1]]"
RBEE_minus_official,public,official,rbee_seed0,42,7-Wm2TyvMs8_9_49.wav,woman speaking,-0.010067114093960883,"[[10.004, 11.004], [22.124, 24.374]]","[[10.0, 11.0], [22.1, 24.5]]","[[10.0, 10.8], [22.1, 23.0]]"
RBEE_minus_official,public,official,rbee_seed0,43,39IZIbmQPzA_0_60.wav,cat meowing,-0.08095238095237633,"[[42.513, 43.513]]","[[42.65, 43.65]]","[[42.6, 43.3]]"
RBEE_minus_official,public,official,rbee_seed0,45,0QTme5iyg4A_0_60.wav,basketball bounce,-0.020277056277056116,"[[0.0, 2.874]]","[[0.0, 2.5]]","[[0.0, 1.1], [1.7, 2.3], [2.7, 3.5]]"
RBEE_minus_official,public,official,rbee_seed0,47,0QTme5iyg4A_161_221.wav,fireworks banging,-0.3275885518876181,"[[5.01, 6.01]]","[[5.291, 6.291]]","[[4.9, 5.7]]"
RBEE_minus_official,public,official,rbee_seed0,48,PxV5flu0hi4_10_70.wav,machine gun shooting,-0.10980115918387207,"[[56.513, 58.513]]","[[56.65, 58.0]]","[[56.8, 57.2], [58.2, 58.7]]"
RBEE_minus_official,public,official,rbee_seed0,50,F1qVm133XJg_190_250.wav,bird chirping,-0.6576860303451637,"[[42.42, 43.42]]","[[42.457, 59.0]]","[[42.5, 43.2]]"
RBEE_minus_official,public,official,rbee_seed0,53,A2NtJ12KIuU_0_40.wav,people crowd,-0.0010716447409054863,"[[22.01, 39.92]]","[[22.0, 39.902]]","[[37.6, 40.0]]"
RBEE_minus_official,public,official,rbee_seed0,59,WChnH2EJr_8_0_30.wav,people burping,-0.07107617240444558,"[[4.004, 8.671], [11.771, 12.771], [18.846, 20.846], [26.004, 29.004]]","[[4.0, 8.7], [18.8, 28.7]]","[[25.7, 29.1]]"
RBEE_minus_official,public,official,rbee_seed0,60,EyAkVnhBJuU_0_30.wav,horse clip-clop,-0.1361817890862538,"[[2.004, 10.004], [13.004, 29.004]]","[[1.0, 10.0]]","[[25.6, 30.0]]"
RBEE_minus_official,public,official,rbee_seed0,65,fdqAbnGs-fw_0_89.wav,people coughing,-0.021612903225808888,"[[87.735, 89.0]]","[[87.802, 89.0]]","[[85.9, 89.0]]"
RBEE_minus_official,public,official,rbee_seed0,70,eW4EvkJze-A_0_60.wav,dog howling,-0.006842105263156983,"[[58.124, 59.97]]","[[58.124, 59.957]]","[[58.1, 60.0]]"
RBEE_minus_official,public,official,rbee_seed0,76,USlCCt8En7A_5_45.wav,baby laughter,-0.1555180337382658,"[[1.402, 4.013]]","[[1.402, 6.0]]","[[1.3, 2.4]]"
RBEE_minus_official,public,official,rbee_seed0,77,USlCCt8En7A_15_75.wav,female singing,-0.06647707074297812,"[[27.013, 28.013]]","[[36.735, 41.513]]","[[25.2, 27.2]]"
RBEE_minus_official,public,official,rbee_seed0,79,VQc-haIJXSM_25_68.wav,ambulance siren,-0.002602075375515822,"[[25.013, 31.374]]","[[25.0, 31.5]]","[[16.3, 31.3]]"
RBEE_minus_official,public,official,rbee_seed0,80,VQc-haIJXSM_437_460.wav,ambulance siren,-0.01439582861029276,"[[12.004, 14.708]]","[[12.0, 14.8]]","[[11.5, 13.8]]"
RBEE_minus_official,public,official,rbee_seed0,83,GVGw7gumeSI_10_47.wav,baby babbling,-0.0031802120141342094,"[[3.374, 5.513]]","[[3.355, 5.509]]","[[3.4, 7.6]]"
RBEE_minus_official,public,official,rbee_seed0,84,GVGw7gumeSI_200_260.wav,baby babbling,-0.019567456230690783,"[[37.874, 43.624]]","[[37.874, 43.51]]","[[38.0, 43.7]]"
RBEE_minus_official,public,official,rbee_seed0,85,buK45NW_ikI_0_60.wav,baby crying,-0.019595140521615595,"[[22.374, 26.513], [31.374, 33.513]]","[[22.5, 26.5], [31.5, 33.5]]","[[22.4, 33.4]]"
RBEE_minus_official,public,official,rbee_seed0,86,buK45NW_ikI_120_180.wav,baby crying,-0.05641002562116998,"[[5.457, 7.013], [11.124, 13.346]]","[[5.457, 7.0], [11.124, 13.0]]","[[5.5, 6.2], [7.1, 7.8], [8.8, 9.3], [11.2, 12.0], [12.9, 13.3]]"
RBEE_minus_official,public,official,rbee_seed0,89,0_56e5GKKwA_0_60.wav,basketball bounce,-0.024588864672082544,"[[0.0, 2.009], [15.374, 18.738], [42.374, 45.238]]","[[0.0, 2.0], [15.5, 18.5], [42.5, 45.5]]","[[0.5, 3.7], [16.1, 19.1], [42.6, 44.9]]"
RBEE_minus_official,public,official,rbee_seed0,90,mhVsO7wVIfk_140_200.wav,basketball bounce,-0.0038126179258445303,"[[41.945, 52.013]]","[[41.902, 52.01]]","[[42.2, 51.9]]"
RBEE_minus_official,public,official,rbee_seed0,92,fIueCTO8sWM_0_58.wav,beat boxing,-0.030662897232491937,"[[46.235, 51.513]]","[[46.51, 51.51]]","[[46.3, 48.4], [49.5, 51.3]]"
RBEE_minus_official,public,official,rbee_seed0,94,eNUpTV9BGac_447_520.wav,bird chirping,-0.05088451551182238,"[[46.874, 59.965]]","[[46.65, 59.15]]","[[46.7, 60.2]]"
RBEE_minus_official,public,official,rbee_seed0,95,sXSDR4qLkuQ_120_180.wav,bull bellowing,-0.000363909799418638,"[[57.457, 59.902]]","[[57.51, 59.965]]","[[31.6, 36.1], [47.0, 48.0], [57.6, 59.9]]"
RBEE_minus_official,public,official,rbee_seed0,96,p7k7ivFz-ko_10_70.wav,bull bellowing,-0.003849333506465935,"[[4.235, 24.346]]","[[4.235, 24.513]]","[[4.7, 7.1], [14.9, 20.3], [22.7, 24.3]]"
RBEE_minus_official,public,official,rbee_seed0,99,nZhNjmBFRns_0_60.wav,cat meowing,-0.03839122627902336,"[[14.874, 17.238], [20.42, 21.42], [26.374, 27.374], [31.329, 32.329], [38.238, 39.238]]","[[14.855, 17.355], [20.455, 21.455], [26.855, 27.855], [31.355, 32.355], [38.255, 39.255]]","[[14.8, 17.0], [20.5, 21.4], [26.5, 27.6], [31.0, 32.4]]"
RBEE_minus_official,public,official,rbee_seed0,100,LVp7zH3yCi0_60_120.wav,cat meowing,-0.0065189867300683435,"[[29.624, 33.013], [45.374, 46.374], [54.735, 55.735], [58.374, 59.374]]","[[29.65, 33.0], [45.4, 46.4], [54.75, 55.75], [58.375, 59.375]]","[[29.5, 33.0], [45.4, 46.2], [54.6, 55.6], [58.2, 59.0]]"
RBEE_minus_official,public,official,rbee_seed0,103,_hjCSQ56RWc_0_38.wav,child singing,-0.009607965210862046,"[[30.009, 37.97]]","[[30.0, 37.902]]","[[30.1, 38.0]]"
RBEE_minus_official,public,official,rbee_seed0,107,vLvTLjZcibI_20_80.wav,dog barking,-0.0012350370511117204,"[[9.374, 19.013]]","[[9.374, 19.0]]","[[9.4, 19.1], [2.4, 3.2]]"
RBEE_minus_official,public,official,rbee_seed0,110,hZfIwRPjkvM_30_90.wav,dog howling,-0.005141242937853119,"[[42.374, 59.965]]","[[42.402, 59.902]]","[[42.3, 44.7], [51.4, 60.0]]"
RBEE_minus_official,public,official,rbee_seed0,112,ElbBWjNpNWI_0_27.wav,driving buses,-0.0005784043825254326,"[[15.013, 27.0]]","[[15.0, 27.0]]","[[20.6, 27.0]]"
RBEE_minus_official,public,official,rbee_seed0,115,EuHy_Vpx514_0_60.wav,engine knocking,-0.02271839921913099,"[[5.624, 11.624]]","[[5.588, 11.735]]","[[5.7, 11.4]]"
RBEE_minus_official,public,official,rbee_seed0,118,Ud0MIgXET3g_0_62.wav,female singing,-0.012887329177296042,"[[7.965, 11.01], [58.92, 61.965]]","[[7.51, 11.01], [58.965, 61.965]]","[[54.2, 61.3]]"
RBEE_minus_official,public,official,rbee_seed0,119,RyUAFrXu5ng_80_140.wav,fire truck siren,-0.003143753374457381,"[[32.945, 59.945]]","[[32.902, 59.902]]","[[33.4, 60.0]]"
RBEE_minus_official,public,official,rbee_seed0,120,RyUAFrXu5ng_330_390.wav,fire truck siren,-0.0220264317180614,"[[17.01, 38.51]]","[[17.5, 38.5]]","[[17.0, 39.7]]"
RBEE_minus_official,public,official,rbee_seed0,121,_qsWAzHnwQ0_0_60.wav,fireworks banging,-1.0173447746453235e-05,"[[3.088, 13.088], [24.945, 46.445]]","[[3.0, 13.0], [24.957, 46.0]]","[[10.6, 13.1], [32.8, 35.4], [43.3, 45.7]]"
RBEE_minus_official,public,official,rbee_seed0,122,_qsWAzHnwQ0_150_210.wav,fireworks banging,-0.01773848313984605,"[[3.965, 20.124], [27.374, 59.965]]","[[3.957, 20.0], [27.374, 59.0]]","[[4.2, 19.7], [32.7, 60.0]]"
RBEE_minus_official,public,official,rbee_seed0,123,upcu7SKNGV4_0_33.wav,frog croaking,-0.005409007075090733,"[[15.679, 23.846]]","[[15.65, 23.5], [27.0, 28.0]]","[[15.8, 23.8], [27.0, 27.6]]"
RBEE_minus_official,public,official,rbee_seed0,124,upcu7SKNGV4_40_80.wav,frog croaking,-0.0010743801652891571,"[[0.0, 12.013]]","[[0.0, 12.0]]","[[0.3, 1.0], [6.4, 12.1]]"
RBEE_minus_official,public,official,rbee_seed0,128,R-zSFC6DUb8_127_157.wav,helicopter,-0.03657894736842138,"[[23.735, 29.013]]","[[24.0, 29.0]]","[[23.2, 29.1], [0.0, 1.7]]"
RBEE_minus_official,public,official,rbee_seed0,129,OZVfvDBbwdI_695_735.wav,horse clip-clop,-0.00045000000000000595,"[[0.0, 39.92]]","[[0.0, 39.902]]","[[30.1, 40.0]]"
RBEE_minus_official,public,official,rbee_seed0,132,OZVfvDBbwdI_1020_1060.wav,kid speaking,-0.002660127367007492,"[[0.0, 3.124], [30.235, 33.013], [35.846, 37.124]]","[[0.0, 3.124], [30.291, 33.0], [35.874, 37.0]]","[[0.0, 3.2], [30.3, 34.1], [35.9, 37.1]]"
RBEE_minus_official,public,official,rbee_seed0,137,Jk-UdLEfRPY_90_150.wav,machine gun shooting,-0.2230167706721654,"[[41.957, 43.013], [47.957, 49.013], [54.457, 55.457]]","[[41.957, 43.0], [54.624, 55.624]]","[[42.0, 43.1], [47.9, 49.0], [54.6, 55.9]]"
RBEE_minus_official,public,official,rbee_seed0,138,FidGPhNC4sc_0_60.wav,machine gun shooting,-0.004121621621621663,"[[37.902, 49.457], [57.124, 59.902]]","[[37.902, 49.51], [57.238, 59.902]]","[[38.0, 41.9], [43.3, 44.4], [45.6, 49.8], [57.0, 58.9]]"
RBEE_minus_official,public,official,rbee_seed0,143,QW_m5t16010_82_118.wav,orchestra,-0.014060150375939884,"[[0.0, 13.374]]","[[0.0, 13.0]]","[[2.0, 26.6]]"
RBEE_minus_official,public,official,rbee_seed0,144,QW_m5t16010_415_466.wav,orchestra,-0.0006507809371244511,"[[9.124, 26.013]]","[[9.124, 26.0]]","[[9.7, 29.1]]"
RBEE_minus_official,public,official,rbee_seed0,145,oNTF2t8gUIM_184_276.wav,people battle cry,-0.0005012728765352303,"[[22.374, 44.238]]","[[22.51, 44.51]]","[[22.6, 44.3]]"
RBEE_minus_official,public,official,rbee_seed0,149,l22_mm7qDoI_0_60.wav,people cheering,-0.10598079228474838,"[[10.124, 12.013], [36.957, 39.513], [48.457, 51.513]]","[[36.902, 39.51], [48.51, 51.51]]","[[10.0, 20.0], [37.2, 41.0], [48.7, 52.3]]"
RBEE_minus_official,public,official,rbee_seed0,153,1Y-C9RMyaQQ_0_53.wav,people coughing,-0.0020721205821946816,"[[4.874, 6.013]]","[[4.802, 6.0]]","[[5.8, 6.4], [46.5, 52.2]]"
RBEE_minus_official,public,official,rbee_seed0,154,1Y-C9RMyaQQ_53_77.wav,people coughing,-0.011363636363636131,"[[5.945, 7.013]]","[[5.957, 7.0]]","[[2.8, 3.1], [5.8, 7.1], [9.3, 9.9]]"
RBEE_minus_official,public,official,rbee_seed0,155,0us2UbWFTCI_47_69.wav,people crowd,-0.0019402985074623569,"[[0.0, 6.013]]","[[0.0, 6.0]]","[[0.0, 6.7]]"
RBEE_minus_official,public,official,rbee_seed0,164,goaBcQ9Nb8k_60_90.wav,people shouting,-0.06705202312138703,"[[21.086, 22.47]]","[[21.0, 22.5]]","[[21.1, 22.3]]"
RBEE_minus_official,public,official,rbee_seed0,166,hHZvUeAdzeI_0_40.wav,people slapping,-0.007202587400905791,"[[33.874, 34.874], [38.238, 39.238]]","[[33.902, 34.902], [38.0, 39.0]]","[[33.8, 34.3], [36.1, 40.0]]"
RBEE_minus_official,public,official,rbee_seed0,172,to28kxXlvDM_43_103.wav,people sobbing,-0.0052513026052102285,"[[55.01, 59.92]]","[[55.0, 59.902]]","[[55.8, 60.0]]"
RBEE_minus_official,public,official,rbee_seed0,173,8VDn54munVo_100_160.wav,people sobbing,-0.014822665354233572,"[[5.957, 17.346], [21.346, 26.957], [40.346, 53.124]]","[[5.957, 17.51], [21.846, 26.846], [40.346, 53.846]]","[[5.7, 9.1], [21.5, 22.6], [47.8, 48.8]]"
RBEE_minus_official,public,official,rbee_seed0,174,k-dhOJF2MuY_120_162.wav,people whispering,-0.01718182689652248,"[[5.374, 7.965], [13.42, 17.238], [21.92, 28.159], [31.965, 33.92], [36.238, 37.513], [39.874, 40.874]]","[[5.0, 7.902], [13.5, 17.0], [21.7, 28.0], [31.9, 33.9], [36.2, 37.2], [39.8, 40.8]]","[[5.6, 7.8], [21.8, 34.1], [36.3, 37.5], [40.0, 40.6]]"
RBEE_minus_official,public,official,rbee_seed0,175,k-dhOJF2MuY_280_325.wav,people whispering,-0.03044485670286118,"[[1.513, 2.513], [11.735, 12.735], [14.624, 17.402], [19.013, 21.235], [22.235, 23.513], [27.346, 28.346], [30.735, 34.51]]","[[1.601, 2.601], [11.701, 23.5], [27.3, 29.0], [30.8, 34.5], [36.901, 39.5], [41.201, 44.901]]","[[14.9, 23.7]]"
RBEE_minus_official,public,official,rbee_seed0,179,pBtKznMVur4_290_350.wav,playing accordion,-0.0059393698527305805,"[[14.088, 17.124], [38.945, 44.874]]","[[14.0, 17.0], [38.9, 44.9]]","[[13.8, 17.1], [39.0, 44.5]]"
RBEE_minus_official,public,official,rbee_seed0,181,BBz-Jyr23M4_540_620.wav,playing acoustic guitar,-0.017555646314069973,"[[3.735, 4.735], [15.902, 17.013]]","[[3.874, 5.0], [15.902, 20.0]]","[[3.7, 5.2], [15.5, 17.3], [19.7, 21.3], [23.8, 24.8]]"
RBEE_minus_official,public,official,rbee_seed0,182,_5TXy_J6xJI_120_180.wav,playing badminton,-0.13677230318451666,"[[44.01, 48.92], [58.692, 60.0]]","[[44.0, 48.0], [54.0, 55.0]]","[[42.2, 43.1], [45.4, 49.2], [54.3, 60.0]]"
RBEE_minus_official,public,official,rbee_seed0,183,5bS37_a39PM_10_70.wav,playing badminton,-0.03702719125018794,"[[49.513, 50.513], [58.457, 59.457]]","[[49.51, 50.51], [58.51, 59.51]]","[[49.5, 50.4], [58.2, 59.2]]"
RBEE_minus_official,public,official,rbee_seed0,185,Tm4ZJWTQXng_150_210.wav,playing banjo,-0.013214285714285734,"[[27.013, 34.624]]","[[27.0, 34.5]]","[[27.0, 35.4]]"
RBEE_minus_official,public,official,rbee_seed0,186,y_p4cSklyik_0_60.wav,playing bass guitar,-0.0009629629629631653,"[[0.0, 13.013]]","[[0.0, 13.0]]","[[0.0, 13.5]]"
RBEE_minus_official,public,official,rbee_seed0,187,Z8tPJMXc1jU_15_75.wav,playing bass guitar,-0.0009154929577462889,"[[0.0, 12.013]]","[[0.0, 12.0]]","[[0.0, 14.2]]"
RBEE_minus_official,public,official,rbee_seed0,191,ApUqq2bp87o_342_432.wav,playing clarinet,-0.0024714110325404492,"[[10.513, 20.124]]","[[10.51, 20.101]]","[[10.6, 13.0], [14.3, 15.7], [16.9, 18.1], [19.5, 20.5]]"
RBEE_minus_official,public,official,rbee_seed0,193,QW_m5t16010_187_237.wav,playing cornet,-0.015303682448588707,"[[39.01, 47.374]]","[[39.0, 47.5]]","[[39.1, 47.1]]"
RBEE_minus_official,public,official,rbee_seed0,195,6BmPZifNZos_30_90.wav,playing drum kit,-0.006052631578947643,"[[30.957, 41.124]]","[[30.902, 41.0]]","[[30.2, 41.6]]"
RBEE_minus_official,public,official,rbee_seed0,196,x5hH5PRjpY4_48_108.wav,playing electronic organ,-0.015975817607684628,"[[23.874, 38.874]]","[[23.802, 38.702]]","[[24.0, 39.0]]"
RBEE_minus_official,public,official,rbee_seed0,200,eZOya7BqOc0_270_330.wav,playing flute,-0.07240436270527162,"[[43.513, 48.013]]","[[43.65, 47.802]]","[[43.5, 44.9], [46.2, 48.0]]"
RBEE_minus_official,public,official,rbee_seed0,203,Zc-EcRFrxcA_775_835.wav,playing harmonica,-0.008243392599440513,"[[46.945, 55.945]]","[[46.902, 55.902]]","[[47.1, 56.8]]"
RBEE_minus_official,public,official,rbee_seed0,206,VXD0p_g_UTg_0_31.wav,playing piano,-0.006754524102905446,"[[22.179, 30.932]]","[[22.101, 30.92]]","[[22.5, 30.4]]"
RBEE_minus_official,public,official,rbee_seed0,207,VXD0p_g_UTg_31_121.wav,playing piano,-0.0008441558441557584,"[[0.0, 15.013]]","[[0.0, 15.0]]","[[0.5, 15.4]]"
RBEE_minus_official,public,official,rbee_seed0,208,GbM7EszlDFw_0_60.wav,playing saxophone,-0.11186774544076328,"[[25.088, 29.445], [46.731, 52.445]]","[[25.0, 29.0], [46.5, 52.0]]","[[25.1, 29.7], [46.8, 52.5]]"
RBEE_minus_official,public,official,rbee_seed0,210,X5wA7DSspmc_0_90.wav,playing snare drum,-0.026639302279681587,"[[0.0, 16.235]]","[[0.0, 16.701]]","[[0.3, 15.8]]"
RBEE_minus_official,public,official,rbee_seed0,211,X5wA7DSspmc_400_449.wav,playing snare drum,-0.18211212802104476,"[[26.179, 27.179], [29.291, 30.291]]","[[26.15, 27.15], [29.15, 30.15], [37.3, 40.15], [43.3, 45.15]]","[[25.9, 26.7], [29.0, 29.6]]"
RBEE_minus_official,public,official,rbee_seed0,213,eu0zpa7OiYA_755_815.wav,playing synthesizer,-0.0210526315789471,"[[7.235, 10.013]]","[[7.302, 10.0]]","[[7.2, 11.0]]"
RBEE_minus_official,public,official,rbee_seed0,214,asx3wwdO178_12_72.wav,playing tabla,-0.012649366050169308,"[[1.874, 15.013]]","[[1.701, 15.0]]","[[1.9, 15.7]]"
RBEE_minus_official,public,official,rbee_seed0,216,yrFQCOcTlFY_0_48.wav,playing table tennis,-0.01969072164948482,"[[39.374, 47.965]]","[[39.5, 47.9]]","[[38.3, 48.0]]"
RBEE_minus_official,public,official,rbee_seed0,220,TflgyCIZEYM_131_170.wav,playing trombone,-0.011536957697574901,"[[15.513, 20.124]]","[[15.588, 20.0]]","[[15.7, 20.2]]"
RBEE_minus_official,public,official,rbee_seed0,221,ZWeaikbm57M_0_60.wav,playing trombone,-0.001585365853658427,"[[0.0, 5.013]]","[[0.0, 5.0]]","[[0.0, 8.2]]"
RBEE_minus_official,public,official,rbee_seed0,222,FFJ4FGlW5Zo_160_220.wav,playing trumpet,-0.0828301886792453,"[[8.01, 10.647]]","[[8.302, 10.5]]","[[6.2, 11.5]]"
RBEE_minus_official,public,official,rbee_seed0,229,q8PSwyIEkj4_104_164.wav,playing zither,-0.00947657214327935,"[[36.92, 52.013]]","[[36.402, 52.01]]","[[41.4, 44.8], [50.2, 53.7]]"
RBEE_minus_official,public,official,rbee_seed0,230,ZDB9fuxt1zc_0_30.wav,playing zither,-0.040215053763441144,"[[0.0, 8.374]]","[[0.0, 8.0]]","[[0.0, 9.3]]"
RBEE_minus_official,public,official,rbee_seed0,231,2aLhy0_XOxY_5_65.wav,police car siren,-0.001477272727272716,"[[0.0, 6.013]]","[[0.0, 6.0]]","[[0.0, 6.1], [7.9, 10.6]]"
RBEE_minus_official,public,official,rbee_seed0,232,2aLhy0_XOxY_180_230.wav,police car siren,-0.02413043478260879,"[[29.902, 35.124]]","[[30.0, 35.0]]","[[26.4, 35.6]]"
RBEE_minus_official,public,official,rbee_seed0,238,WjBYRUZbU4Y_1024_1054.wav,sailing,-0.0022666666666666113,"[[0.0, 29.97]]","[[0.0, 29.902]]","[[23.1, 30.0]]"
RBEE_minus_official,public,official,rbee_seed0,243,ND_r33yFG0Q_0_52.wav,singing choir,-0.0020639857663721506,"[[13.374, 51.965]]","[[13.3, 51.9]]","[[44.2, 52.0]]"
RBEE_minus_official,public,official,rbee_seed0,244,ND_r33yFG0Q_76_110.wav,singing choir,-0.0019999999999999463,"[[0.0, 33.97]]","[[0.0, 33.902]]","[[16.4, 18.4], [20.3, 22.1], [29.1, 34.0]]"
RBEE_minus_official,public,official,rbee_seed0,247,-1q1otOq9TU_285_315.wav,skidding,-0.030161524125077332,"[[13.01, 17.124]]","[[13.0, 17.0]]","[[13.3, 17.4]]"
RBEE_minus_official,public,official,rbee_seed0,251,udc_NPwrSK0_0_57.wav,tap dancing,-0.006273996764413203,"[[10.51, 17.92], [34.283, 56.965]]","[[10.65, 17.802], [34.5, 56.902]]","[[11.0, 18.3], [34.1, 39.0], [44.1, 50.0], [52.2, 56.4]]"
RBEE_minus_official,public,official,rbee_seed0,254,rEnBNeV5toY_0_92.wav,telephone bell ringing,-0.0010062951955257526,"[[14.01, 31.01]]","[[14.0, 31.0]]","[[18.2, 31.3]]"
RBEE_minus_official,public,official,rbee_seed0,255,7ZNOCgxSi5Y_11_71.wav,thunder,-0.0010156249999998535,"[[0.0, 12.013]]","[[0.0, 12.0]]","[[2.7, 12.8]]"
RBEE_minus_official,public,official,rbee_seed0,257,_Gg3M-GF9sE_3_63.wav,train horning,-0.0008175523483775482,"[[48.013, 59.902]]","[[48.0, 59.9]]","[[48.4, 51.5], [54.0, 55.8], [57.6, 60.0]]"
RBEE_minus_official,public,official,rbee_seed0,260,4qgyGAJkvWY_0_20.wav,train wheels squealing,-0.016164931945556682,"[[15.004, 19.977]]","[[15.0, 19.9]]","[[15.2, 20.0]]"
RBEE_minus_official,public,official,rbee_seed0,261,HE13qoYreRU_90_160.wav,typing on computer keyboard,-0.013425521667861151,"[[8.235, 41.846], [45.01, 60.846]]","[[8.457, 41.51], [45.068, 59.51]]","[[8.4, 27.0], [44.9, 48.1], [55.8, 60.5]]"
RBEE_minus_official,public,official,rbee_seed0,262,s6twpD2TrzM_1200_1290.wav,typing on computer keyboard,-0.1295937629597142,"[[31.235, 63.013]]","[[30.874, 59.0]]","[[32.7, 36.8], [40.7, 41.8], [50.2, 63.4]]"
RBEE_minus_official,public,official,rbee_seed0,263,pzVspJzpwQ0_0_60.wav,vacuum cleaner cleaning floors,-0.03674044832933887,"[[11.513, 12.513], [23.013, 25.013], [33.013, 35.013], [43.957, 46.013]]","[[11.51, 12.51], [23.01, 25.01], [33.01, 35.01], [43.01, 46.01]]","[[0.6, 1.5], [23.2, 25.3], [44.1, 47.2]]"
RBEE_minus_official,public,official,rbee_seed0,264,pzVspJzpwQ0_60_120.wav,vacuum cleaner cleaning floors,-0.007393316598683031,"[[26.013, 29.013]]","[[26.0, 29.0]]","[[26.4, 29.2]]"
RBEE_minus_official,public,official,rbee_seed0,265,uhqVEpoQLJE_65_125.wav,vehicle honking,-0.0014140922069306727,"[[28.679, 31.124], [41.957, 43.957]]","[[28.65, 31.0], [41.9, 43.9]]","[[8.3, 9.5], [28.5, 31.2], [41.9, 43.8], [55.4, 60.0]]"
RBEE_minus_official,public,official,rbee_seed0,266,uhqVEpoQLJE_145_205.wav,vehicle honking,-0.0864052200606582,"[[3.457, 4.457], [24.902, 26.013], [38.235, 39.235]]","[[3.51, 4.51], [25.01, 26.01], [38.374, 39.374]]","[[3.4, 4.4], [25.0, 26.0], [38.2, 39.2]]"
RBEE_minus_official,public,official,rbee_seed0,268,eNUpTV9BGac_250_350.wav,water burbling,-0.4755905511811025,"[[6.124, 22.124], [49.374, 65.124]]","[[6.124, 22.701]]","[[49.9, 65.0]]"
RBEE_minus_official,public,official,rbee_seed0,269,eNUpTV9BGac_403_477.wav,wind noise,-0.003954600825979648,"[[43.957, 56.902]]","[[43.957, 56.957]]","[[44.3, 56.4]]"
RBEE_minus_official,public,official,rbee_seed0,270,eNUpTV9BGac_460_507.wav,wind noise,-0.009951992434586776,"[[17.957, 33.513]]","[[17.65, 33.65]]","[[18.0, 33.9]]"
RBEE_minus_official,public,official,rbee_seed0,271,NCi-VqerJlI_20_41.wav,woman speaking,-0.04849462365591406,"[[11.374, 14.374]]","[[11.457, 14.5]]","[[11.4, 14.2]]"
RBEE_minus_official,public,official,rbee_seed0,274,eoINKEFklgM_0_60.wav,bull bellowing,-0.06601665651025801,"[[0.0, 2.735]]","[[0.0, 2.5]]","[[1.0, 2.7]]"
RBEE_minus_official,public,official,rbee_seed0,275,0mZQ6Q-viPw_0_33.wav,dog barking,-0.020476190476190537,"[[0.0, 1.945]]","[[0.0, 1.902]]","[[0.4, 2.1]]"
RBEE_minus_official,public,official,rbee_seed0,278,s9d-2nhuJCQ_30_90.wav,people cheering,-0.0701145203832927,"[[0.0, 59.902]]","[[0.0, 1.0]]","[[3.1, 7.3]]"
RBEE_minus_official,public,official,rbee_seed0,279,s9d-2nhuJCQ_30_90.wav,people clapping,-0.023346952388893512,"[[0.0, 59.965]]","[[0.0, 5.0]]","[[7.3, 8.7]]"
RBEE_minus_official,public,official,rbee_seed0,280,2VjbDttFK44_490_550.wav,people laughing,-0.0681443173782259,"[[58.457, 59.457]]","[[58.51, 59.51]]","[[58.3, 59.1]]"
RBEE_minus_official,public,official,rbee_seed0,282,s9d-2nhuJCQ_30_90.wav,people whistling,-0.023345005836251452,"[[0.0, 59.97]]","[[0.0, 5.0]]","[[5.7, 6.5], [8.3, 8.9]]"
RBEE_minus_official,public,official,rbee_seed0,284,usoBcNXsN_8_90_150.wav,playing accordion,-0.0007671338657810889,"[[28.513, 35.013]]","[[28.51, 35.01]]","[[28.8, 31.2], [32.9, 35.1]]"
RBEE_minus_official,public,official,rbee_seed0,286,BJKYjXe6ACE_0_55.wav,playing acoustic guitar,-0.008921568627451082,"[[44.874, 54.965]]","[[44.802, 54.802]]","[[44.8, 55.0]]"
RBEE_minus_official,public,official,rbee_seed0,289,ZGYN5mMXpFM_0_25.wav,playing banjo,-0.005689589027438213,"[[1.945, 7.013]]","[[1.902, 7.0]]","[[2.1, 7.0]]"
RBEE_minus_official,public,official,rbee_seed0,291,riCDOFyRIZ4_0_50.wav,playing bass guitar,-0.02999999999999986,"[[0.0, 4.013], [23.013, 25.402]]","[[0.0, 4.0], [23.0, 25.0]]","[[0.0, 4.5], [15.7, 18.2], [18.7, 21.2], [22.1, 26.0]]"
RBEE_minus_official,public,official,rbee_seed0,292,riCDOFyRIZ4_60_88.wav,playing bass guitar,-0.033075008314101706,"[[0.0, 4.124], [13.624, 16.457]]","[[0.0, 4.0], [13.5, 16.5]]","[[0.0, 4.8], [14.0, 16.0]]"
RBEE_minus_official,public,official,rbee_seed0,295,Jd0xfgwofkQ_220_280.wav,playing cello,-0.017222222222222028,"[[0.0, 7.124]]","[[0.0, 7.0]]","[[0.0, 7.2]]"
RBEE_minus_official,public,official,rbee_seed0,299,vqOmk5fQM68_260_320.wav,playing clarinet,-0.028508542658266633,"[[23.235, 32.624]]","[[23.51, 32.51]]","[[23.3, 27.2], [28.7, 32.8]]"
RBEE_minus_official,public,official,rbee_seed0,300,sHlOsAxGnY8_50_110.wav,playing cornet,-0.011551724137931041,"[[54.235, 59.902]]","[[54.302, 59.902]]","[[54.2, 60.0]]"
RBEE_minus_official,public,official,rbee_seed0,302,kyWcuQW-tII_0_68.wav,playing drum kit,-0.06932203389830494,"[[47.624, 53.374]]","[[47.659, 53.0]]","[[47.6, 53.5]]"
RBEE_minus_official,public,official,rbee_seed0,303,DuFX6MxDYPY_0_60.wav,playing electronic organ,-0.0016364053282188484,"[[46.01, 55.01]]","[[46.0, 55.0]]","[[46.4, 47.4], [48.5, 49.5], [51.1, 55.8]]"
RBEE_minus_official,public,official,rbee_seed0,304,DuFX6MxDYPY_120_180.wav,playing electronic organ,-0.022142004225222833,"[[21.965, 24.124], [39.965, 47.124], [51.124, 57.124]]","[[21.902, 24.01], [40.01, 47.01], [51.01, 57.01]]","[[21.4, 24.4], [39.3, 47.2], [51.1, 57.3]]"
RBEE_minus_official,public,official,rbee_seed0,305,LP4UObyZy6w_75_135.wav,playing electronic organ,-0.01781170483460537,"[[54.902, 59.902]]","[[55.0, 59.902]]","[[54.4, 56.4], [57.9, 59.0]]"
RBEE_minus_official,public,official,rbee_seed0,306,hNKFL02U8W4_120_180.wav,playing erhu,-0.006727005144730347,"[[29.957, 31.513], [50.902, 53.513]]","[[29.902, 31.51], [50.902, 53.51]]","[[30.2, 31.5], [33.2, 34.2], [51.0, 53.4]]"
RBEE_minus_official,public,official,rbee_seed0,314,agjYDv78kCs_10_70.wav,playing harmonica,-0.007165354330708751,"[[47.374, 59.965]]","[[47.402, 59.902]]","[[47.3, 50.8], [55.9, 60.0]]"
RBEE_minus_official,public,official,rbee_seed0,316,VW0H8b2OHSM_44_104.wav,playing harp,-0.0007379422824715376,"[[14.42, 21.056], [48.01, 59.965]]","[[14.457, 21.0], [48.0, 59.902]]","[[14.5, 15.9], [17.4, 21.4], [48.2, 49.6], [54.0, 56.4]]"
RBEE_minus_official,public,official,rbee_seed0,318,efCmmDDnT74_0_80.wav,playing piano,-0.0026856103266054143,"[[59.01, 65.01]]","[[59.0, 65.0]]","[[59.4, 65.8]]"
RBEE_minus_official,public,official,rbee_seed0,320,nVhgAtMUgBk_0_40.wav,playing saxophone,-0.028837209302325695,"[[0.0, 4.124]]","[[0.0, 4.0]]","[[0.0, 4.3]]"
RBEE_minus_official,public,official,rbee_seed0,322,IxffSFoVK78_240_300.wav,playing saxophone,-0.00705266471944066,"[[28.374, 33.013], [49.692, 54.013]]","[[28.374, 33.0], [49.65, 54.0]]","[[28.3, 33.2], [49.8, 54.1]]"
RBEE_minus_official,public,official,rbee_seed0,323,X5wA7DSspmc_10_70.wav,playing snare drum,-0.0191595665081703,"[[0.0, 6.374]]","[[0.0, 6.5]]","[[0.0, 6.3]]"
RBEE_minus_official,public,official,rbee_seed0,324,X5wA7DSspmc_70_130.wav,playing snare drum,-0.03319882929715534,"[[40.902, 43.013], [49.013, 50.902]]","[[40.957, 43.0], [49.0, 51.0]]","[[40.8, 43.2], [49.0, 50.9]]"
RBEE_minus_official,public,official,rbee_seed0,325,X5wA7DSspmc_150_210.wav,playing snare drum,-0.10701644027733037,"[[14.965, 19.013], [27.238, 30.192], [36.513, 40.374], [46.92, 49.013], [57.874, 60.0]]","[[14.957, 19.0], [27.457, 39.0]]","[[14.9, 19.0], [27.5, 30.5], [36.7, 40.2]]"
RBEE_minus_official,public,official,rbee_seed0,330,ZWeaikbm57M_280_340.wav,playing trombone,-0.02956798204099892,"[[21.01, 23.624], [25.957, 28.51], [31.957, 34.846]]","[[25.902, 34.874]]","[[32.1, 35.0]]"
RBEE_minus_official,public,official,rbee_seed0,331,Ymt3UbVPBm4_126_186.wav,playing trombone,-0.017981048448723863,"[[47.01, 51.01], [56.92, 58.92]]","[[47.457, 51.0], [55.846, 58.846]]","[[57.3, 58.6]]"
RBEE_minus_official,public,official,rbee_seed0,332,uDbZvKBd-sk_90_150.wav,playing trombone,-0.015555555555554879,"[[52.735, 56.124]]","[[52.791, 56.124]]","[[52.7, 56.3]]"
RBEE_minus_official,public,official,rbee_seed0,335,fBgbJcDjsLs_25_68.wav,playing trumpet,-0.05654596043332494,"[[20.874, 24.238], [33.238, 36.874]]","[[20.874, 24.124], [33.291, 36.51]]","[[20.9, 24.9], [33.5, 36.9]]"
RBEE_minus_official,public,official,rbee_seed0,336,uvBbvPUfYfE_19_79.wav,playing ukulele,-0.06286829205710776,"[[15.92, 18.056], [36.01, 41.147], [49.965, 52.192], [59.283, 60.0]]","[[15.957, 18.009], [36.009, 41.009], [50.009, 52.009]]","[[16.1, 18.7], [36.2, 41.3], [50.1, 51.8], [59.2, 60.0]]"
RBEE_minus_official,public,official,rbee_seed0,339,28YVOGk5uGY_0_60.wav,playing violin,-0.002177337911532934,"[[0.0, 5.013], [46.013, 50.902]]","[[0.0, 5.0], [45.902, 50.902]]","[[46.2, 48.4]]"
RBEE_minus_official,public,official,rbee_seed0,340,28YVOGk5uGY_50_110.wav,playing violin,-0.016579870336911773,"[[15.402, 18.957], [35.902, 41.513]]","[[15.5, 18.9], [35.3, 41.3]]","[[15.6, 19.2]]"
RBEE_minus_official,public,official,rbee_seed0,343,hnsC3mxVZf8_15_75.wav,playing zither,-0.02159161173700863,"[[38.01, 44.624]]","[[37.957, 44.51]]","[[38.4, 40.0], [40.6, 42.1], [43.4, 44.8]]"
RBEE_minus_official,public,official,rbee_seed0,346,5So_E6yPW40_0_40.wav,thunder,-0.03885714285714259,"[[9.874, 11.01]]","[[10.0, 11.0]]","[[9.8, 11.9], [26.9, 28.3]]"
RBEE_minus_official,public,official,rbee_seed0,347,DIkH3opVS8o_0_30.wav,thunder,-0.010294117647058898,"[[26.735, 29.97]]","[[26.701, 29.901]]","[[26.6, 30.0]]"
RBEE_minus_official,public,official,rbee_seed0,348,qiV8azj6bDY_360_420.wav,train horning,-0.06560974565724431,"[[50.457, 52.513]]","[[50.624, 52.51]]","[[50.0, 52.4]]"
RBEE_minus_official,public,official,rbee_seed0,349,qiV8azj6bDY_300_360.wav,train horning,-0.05586206896551693,"[[17.235, 19.624]]","[[17.283, 19.51]]","[[16.9, 19.8]]"
RBEE_minus_official,public,official,rbee_seed0,350,gUZOZP-sgng_310_370.wav,typing on computer keyboard,-0.01044068165182288,"[[13.945, 17.013], [27.238, 29.374]]","[[13.902, 17.01], [27.374, 29.374]]","[[27.3, 30.6]]"
RBEE_minus_official,public,official,rbee_seed0,352,QhlmKHbPFhU_0_40.wav,vacuum cleaner cleaning floors,-0.005927589544643119,"[[35.42, 39.965]]","[[35.457, 39.902]]","[[35.5, 40.0]]"
RBEE_minus_official,public,official,rbee_seed0,355,YScsKu7Txnw_164_224.wav,water burbling,-0.007391304347825811,"[[58.513, 59.957]]","[[58.51, 59.92]]","[[55.4, 60.0]]"
RBEE_minus_official,public,official,rbee_seed0,365,hTmjb9CtsTQ_0_58.wav,playing piano,-0.002625192362110229,"[[15.957, 27.013]]","[[15.902, 27.01]]","[[16.1, 17.6], [25.3, 26.8], [21.7, 23.7], [19.2, 20.4]]"
RBEE_minus_official,public,official,rbee_seed0,367,yBJWAmYDnIU_480_540.wav,playing flute,-0.05038864540815713,"[[22.874, 25.013], [46.013, 48.235]]","[[22.874, 25.0], [46.0, 48.0]]","[[22.9, 25.6], [46.3, 48.4]]"
RBEE_minus_official,public,official,rbee_seed0,369,Izf5sGMI1CY_0_40.wav,playing clarinet,-0.03767209578146208,"[[5.402, 7.013], [9.735, 16.235], [24.235, 29.735], [34.124, 36.624]]","[[5.5, 16.5], [24.3, 29.3], [34.3, 36.8]]","[[5.6, 6.9], [10.0, 11.4], [14.0, 16.0]]"
RBEE_minus_official,public,official,rbee_seed0,374,9EnPEkBCzeo_106_150.wav,hammering nails,-0.0016179987177450394,"[[40.624, 43.902]]","[[40.51, 43.965]]","[[19.3, 20.6], [41.0, 44.0]]"
RBEE_minus_official,public,official,rbee_seed0,375,T6B1r0-CYf0_70_160.wav,hammering nails,-0.05826946443705924,"[[16.013, 17.013], [38.235, 39.235], [58.235, 59.235], [81.457, 82.457]]","[[16.902, 17.902], [23.51, 24.51], [38.238, 39.238], [58.238, 59.238], [81.51, 82.51]]","[[81.4, 82.4]]"
RBEE_minus_official,public,official,rbee_seed0,379,DmX_p990A0Y_206_246.wav,playing harmonica,-0.0010399999999999854,"[[0.0, 11.013]]","[[0.0, 11.0]]","[[7.7, 12.5]]"
RBEE_minus_official,public,official,rbee_seed0,383,oXKgkoodS40_0_60.wav,playing trumpet,-0.016881373836964975,"[[34.374, 39.013]]","[[34.457, 39.0]]","[[34.3, 35.7]]"
RBEE_minus_official,public,official,rbee_seed0,386,xyVFIPtOsm8_68_95.wav,playing synthesizer,-0.01806732178215198,"[[22.445, 26.945]]","[[22.402, 26.902]]","[[22.7, 27.0]]"
RBEE_minus_official,public,official,rbee_seed0,391,bY5zL4P3bR4_8_38.wav,people whispering,-0.029665985362187786,"[[12.004, 17.671], [20.504, 25.171]]","[[12.0, 17.5], [20.5, 25.0]]","[[12.2, 13.9], [15.2, 18.9], [20.6, 22.0], [23.3, 25.3]]"
RBEE_minus_official,public,official,rbee_seed0,394,kKsT1xzVLDk_115_145.wav,people whispering,-0.002855970005460784,"[[11.97, 13.547], [19.278, 20.278]]","[[11.902, 13.5], [19.25, 20.25]]","[[0.0, 1.0], [12.0, 13.5], [19.1, 20.8]]"
RBEE_minus_official,public,official,rbee_seed0,396,QkDXn5QQ-kk_180_240.wav,playing volleyball,-0.07865150722293512,"[[16.874, 17.874], [23.124, 24.124]]","[[16.874, 17.874], [23.0, 24.0]]","[[16.7, 17.8], [23.5, 24.4]]"
RBEE_minus_official,public,official,rbee_seed0,397,J6_-SaW_GUE_0_60.wav,basketball bounce,-0.2909807355516614,"[[34.902, 36.013]]","[[34.0, 35.0]]","[[34.3, 36.0]]"
RBEE_minus_official,public,official,rbee_seed0,398,zbWFCrbyMYQ_20_105.wav,people crowd,-0.011103748529191326,"[[0.0, 2.013], [29.902, 31.902], [39.013, 40.013], [56.013, 57.013], [76.402, 77.402]]","[[0.0, 2.0], [29.701, 31.701], [39.0, 40.0], [50.0, 51.0], [56.0, 57.0], [76.0, 77.0], [80.0, 81.0]]","[[1.4, 2.7], [29.5, 31.5], [48.7, 50.4], [76.3, 79.8]]"
RBEE_minus_official,public,official,rbee_seed0,399,WFjHILsPhh0_0_20.wav,driving buses,-0.13013398692810454,"[[0.0, 19.97]]","[[0.0, 11.5]]","[[2.2, 6.0], [16.2, 20.0]]"
RBEE_minus_official,public,official,rbee_seed1,1,_Uro9suV3xU_45_135.wav,hair dryer drying,-0.045345647862134464,"[[80.874, 84.124]]","[[80.802, 84.0]]","[[81.0, 84.8]]"
RBEE_minus_official,public,official,rbee_seed1,4,eXQYEfqCU08_38_68.wav,train horning,-0.017000000000000015,"[[0.0, 3.97]]","[[0.0, 3.902]]","[[0.0, 4.0]]"
RBEE_minus_official,public,official,rbee_seed1,5,OD54eF2XKJA_0_30.wav,people cheering,-0.011638135483592993,"[[23.374, 25.013]]","[[23.0, 25.0]]","[[23.8, 30.0]]"
RBEE_minus_official,public,official,rbee_seed1,10,_jcVnmRQD_U_90_150.wav,people whistling,-0.014511828827916462,"[[41.013, 42.013]]","[[40.957, 42.0]]","[[41.0, 42.7]]"
RBEE_minus_official,public,official,rbee_seed1,13,I5W0Nnn1zFk_0_60.wav,bird chirping,-0.0024074074074070806,"[[48.735, 50.013]]","[[48.735, 50.0]]","[[22.0, 23.4], [28.0, 29.5], [42.0, 42.8], [48.7, 50.4]]"
RBEE_minus_official,public,official,rbee_seed1,18,b62RgDBmly8_0_30.wav,singing choir,-0.004615384615384799,"[[26.235, 29.92]]","[[26.235, 29.902]]","[[26.1, 30.0]]"
RBEE_minus_official,public,official,rbee_seed1,20,gJ1EjXFq5vQ_390_450.wav,people whistling,-0.040684049331400796,"[[20.735, 23.513]]","[[20.735, 23.0]]","[[20.7, 23.3]]"
RBEE_minus_official,public,official,rbee_seed1,21,5VElNpaNPoo_0_60.wav,baby babbling,-0.0353118459606544,"[[41.624, 44.013]]","[[41.51, 44.01]]","[[42.0, 43.9]]"
RBEE_minus_official,public,official,rbee_seed1,22,5VElNpaNPoo_0_60.wav,machine gun shooting,-0.02726508137111988,"[[33.457, 34.457], [36.738, 37.738], [44.238, 45.238]]","[[33.457, 34.457], [36.846, 37.846], [44.235, 45.235]]","[[33.4, 33.9], [35.1, 35.8], [36.6, 37.1], [38.4, 38.9], [44.0, 44.5]]"
RBEE_minus_official,public,official,rbee_seed1,27,QIRX5273XKk_0_58.wav,people cheering,-0.004066784648111277,"[[28.013, 33.013]]","[[28.0, 33.0]]","[[28.3, 33.8]]"
RBEE_minus_official,public,official,rbee_seed1,31,ebRLSVHIGEE_10_50.wav,thunder,-0.16887999029244027,"[[0.0, 3.374]]","[[0.0, 3.0], [17.0, 33.0]]","[[2.6, 4.1]]"
RBEE_minus_official,public,official,rbee_seed1,41,QCovzjYMK5c_150_210.wav,child singing,-0.0029933225880731107,"[[20.957, 25.013]]","[[20.957, 25.0]]","[[23.1, 25.3]]"
RBEE_minus_official,public,official,rbee_seed1,42,7-Wm2TyvMs8_9_49.wav,woman speaking,-0.010067114093960883,"[[10.004, 11.004], [22.124, 24.374]]","[[10.0, 11.0], [22.1, 24.5]]","[[10.0, 10.8], [22.1, 23.0]]"
RBEE_minus_official,public,official,rbee_seed1,43,39IZIbmQPzA_0_60.wav,cat meowing,-0.08095238095237633,"[[42.513, 43.513]]","[[42.65, 43.65]]","[[42.6, 43.3]]"
RBEE_minus_official,public,official,rbee_seed1,44,Lx4poQw1mZo_124_174.wav,chainsawing trees,-0.02677966101695073,"[[41.624, 45.124]]","[[41.65, 45.0]]","[[41.7, 45.4]]"
RBEE_minus_official,public,official,rbee_seed1,45,0QTme5iyg4A_0_60.wav,basketball bounce,-0.020277056277056116,"[[0.0, 2.874]]","[[0.0, 2.5]]","[[0.0, 1.1], [1.7, 2.3], [2.7, 3.5]]"
RBEE_minus_official,public,official,rbee_seed1,48,PxV5flu0hi4_10_70.wav,machine gun shooting,-0.10980115918387207,"[[56.513, 58.513]]","[[56.65, 58.0]]","[[56.8, 57.2], [58.2, 58.7]]"
RBEE_minus_official,public,official,rbee_seed1,50,F1qVm133XJg_190_250.wav,bird chirping,-0.6576860303451637,"[[42.42, 43.42]]","[[42.457, 59.0]]","[[42.5, 43.2]]"
RBEE_minus_official,public,official,rbee_seed1,59,WChnH2EJr_8_0_30.wav,people burping,-0.07107617240444558,"[[4.004, 8.671], [11.771, 12.771], [18.846, 20.846], [26.004, 29.004]]","[[4.0, 8.7], [18.8, 28.7]]","[[25.7, 29.1]]"
RBEE_minus_official,public,official,rbee_seed1,60,EyAkVnhBJuU_0_30.wav,horse clip-clop,-0.1361817890862538,"[[2.004, 10.004], [13.004, 29.004]]","[[1.0, 10.0]]","[[25.6, 30.0]]"
RBEE_minus_official,public,official,rbee_seed1,65,fdqAbnGs-fw_0_89.wav,people coughing,-0.021612903225808888,"[[87.735, 89.0]]","[[87.802, 89.0]]","[[85.9, 89.0]]"
RBEE_minus_official,public,official,rbee_seed1,70,eW4EvkJze-A_0_60.wav,dog howling,-0.006842105263156983,"[[58.124, 59.97]]","[[58.124, 59.957]]","[[58.1, 60.0]]"
RBEE_minus_official,public,official,rbee_seed1,76,USlCCt8En7A_5_45.wav,baby laughter,-0.1555180337382658,"[[1.402, 4.013]]","[[1.402, 6.0]]","[[1.3, 2.4]]"
RBEE_minus_official,public,official,rbee_seed1,77,USlCCt8En7A_15_75.wav,female singing,-0.06647707074297812,"[[27.013, 28.013]]","[[36.735, 41.513]]","[[25.2, 27.2]]"
RBEE_minus_official,public,official,rbee_seed1,79,VQc-haIJXSM_25_68.wav,ambulance siren,-0.002602075375515822,"[[25.013, 31.374]]","[[25.0, 31.5]]","[[16.3, 31.3]]"
RBEE_minus_official,public,official,rbee_seed1,80,VQc-haIJXSM_437_460.wav,ambulance siren,-0.01439582861029276,"[[12.004, 14.708]]","[[12.0, 14.8]]","[[11.5, 13.8]]"
RBEE_minus_official,public,official,rbee_seed1,83,GVGw7gumeSI_10_47.wav,baby babbling,-0.0031802120141342094,"[[3.374, 5.513]]","[[3.355, 5.509]]","[[3.4, 7.6]]"
RBEE_minus_official,public,official,rbee_seed1,84,GVGw7gumeSI_200_260.wav,baby babbling,-0.019567456230690783,"[[37.874, 43.624]]","[[37.874, 43.51]]","[[38.0, 43.7]]"
RBEE_minus_official,public,official,rbee_seed1,85,buK45NW_ikI_0_60.wav,baby crying,-0.019595140521615595,"[[22.374, 26.513], [31.374, 33.513]]","[[22.5, 26.5], [31.5, 33.5]]","[[22.4, 33.4]]"
RBEE_minus_official,public,official,rbee_seed1,86,buK45NW_ikI_120_180.wav,baby crying,-0.05641002562116998,"[[5.457, 7.013], [11.124, 13.346]]","[[5.457, 7.0], [11.124, 13.0]]","[[5.5, 6.2], [7.1, 7.8], [8.8, 9.3], [11.2, 12.0], [12.9, 13.3]]"
RBEE_minus_official,public,official,rbee_seed1,89,0_56e5GKKwA_0_60.wav,basketball bounce,-0.024588864672082544,"[[0.0, 2.009], [15.374, 18.738], [42.374, 45.238]]","[[0.0, 2.0], [15.5, 18.5], [42.5, 45.5]]","[[0.5, 3.7], [16.1, 19.1], [42.6, 44.9]]"
RBEE_minus_official,public,official,rbee_seed1,90,mhVsO7wVIfk_140_200.wav,basketball bounce,-0.0038126179258445303,"[[41.945, 52.013]]","[[41.902, 52.01]]","[[42.2, 51.9]]"
RBEE_minus_official,public,official,rbee_seed1,92,fIueCTO8sWM_0_58.wav,beat boxing,-0.030662897232491937,"[[46.235, 51.513]]","[[46.51, 51.51]]","[[46.3, 48.4], [49.5, 51.3]]"
RBEE_minus_official,public,official,rbee_seed1,94,eNUpTV9BGac_447_520.wav,bird chirping,-0.06195462621292935,"[[46.874, 59.965]]","[[46.65, 59.0]]","[[46.7, 60.2]]"
RBEE_minus_official,public,official,rbee_seed1,95,sXSDR4qLkuQ_120_180.wav,bull bellowing,-0.000363909799418638,"[[57.457, 59.902]]","[[57.51, 59.965]]","[[31.6, 36.1], [47.0, 48.0], [57.6, 59.9]]"
RBEE_minus_official,public,official,rbee_seed1,96,p7k7ivFz-ko_10_70.wav,bull bellowing,-0.003849333506465935,"[[4.235, 24.346]]","[[4.235, 24.513]]","[[4.7, 7.1], [14.9, 20.3], [22.7, 24.3]]"
RBEE_minus_official,public,official,rbee_seed1,99,nZhNjmBFRns_0_60.wav,cat meowing,-0.03839122627902336,"[[14.874, 17.238], [20.42, 21.42], [26.374, 27.374], [31.329, 32.329], [38.238, 39.238]]","[[14.855, 17.355], [20.455, 21.455], [26.855, 27.855], [31.355, 32.355], [38.255, 39.255]]","[[14.8, 17.0], [20.5, 21.4], [26.5, 27.6], [31.0, 32.4]]"
RBEE_minus_official,public,official,rbee_seed1,103,_hjCSQ56RWc_0_38.wav,child singing,-0.009607965210862046,"[[30.009, 37.97]]","[[30.0, 37.902]]","[[30.1, 38.0]]"
RBEE_minus_official,public,official,rbee_seed1,107,vLvTLjZcibI_20_80.wav,dog barking,-0.0012350370511117204,"[[9.374, 19.013]]","[[9.374, 19.0]]","[[9.4, 19.1], [2.4, 3.2]]"
RBEE_minus_official,public,official,rbee_seed1,112,ElbBWjNpNWI_0_27.wav,driving buses,-0.0005784043825254326,"[[15.013, 27.0]]","[[15.0, 27.0]]","[[20.6, 27.0]]"
RBEE_minus_official,public,official,rbee_seed1,113,6_VlZuPDOSM_150_210.wav,driving motorcycle,-0.0055474886691353475,"[[18.013, 26.374], [50.238, 56.513]]","[[18.0, 26.5], [50.3, 56.5]]","[[19.1, 26.2], [50.4, 56.6]]"
RBEE_minus_official,public,official,rbee_seed1,115,EuHy_Vpx514_0_60.wav,engine knocking,-0.034778420038535596,"[[5.624, 11.624]]","[[5.51, 11.738]]","[[5.7, 11.4]]"
RBEE_minus_official,public,official,rbee_seed1,118,Ud0MIgXET3g_0_62.wav,female singing,-0.012887329177296042,"[[7.965, 11.01], [58.92, 61.965]]","[[7.51, 11.01], [58.965, 61.965]]","[[54.2, 61.3]]"
RBEE_minus_official,public,official,rbee_seed1,119,RyUAFrXu5ng_80_140.wav,fire truck siren,-0.003143753374457381,"[[32.945, 59.945]]","[[32.902, 59.902]]","[[33.4, 60.0]]"
RBEE_minus_official,public,official,rbee_seed1,120,RyUAFrXu5ng_330_390.wav,fire truck siren,-0.0220264317180614,"[[17.01, 38.51]]","[[17.5, 38.5]]","[[17.0, 39.7]]"
RBEE_minus_official,public,official,rbee_seed1,121,_qsWAzHnwQ0_0_60.wav,fireworks banging,-1.0173447746453235e-05,"[[3.088, 13.088], [24.945, 46.445]]","[[3.0, 13.0], [24.957, 46.0]]","[[10.6, 13.1], [32.8, 35.4], [43.3, 45.7]]"
RBEE_minus_official,public,official,rbee_seed1,122,_qsWAzHnwQ0_150_210.wav,fireworks banging,-0.02801196317847443,"[[3.965, 20.124], [27.374, 59.965]]","[[3.957, 20.0], [27.374, 58.5]]","[[4.2, 19.7], [32.7, 60.0]]"
RBEE_minus_official,public,official,rbee_seed1,123,upcu7SKNGV4_0_33.wav,frog croaking,-0.005409007075090733,"[[15.679, 23.846]]","[[15.65, 23.5], [27.0, 28.0]]","[[15.8, 23.8], [27.0, 27.6]]"
RBEE_minus_official,public,official,rbee_seed1,124,upcu7SKNGV4_40_80.wav,frog croaking,-0.0010743801652891571,"[[0.0, 12.013]]","[[0.0, 12.0]]","[[0.3, 1.0], [6.4, 12.1]]"
RBEE_minus_official,public,official,rbee_seed1,129,OZVfvDBbwdI_695_735.wav,horse clip-clop,-0.00045000000000000595,"[[0.0, 39.92]]","[[0.0, 39.902]]","[[30.1, 40.0]]"
RBEE_minus_official,public,official,rbee_seed1,132,OZVfvDBbwdI_1020_1060.wav,kid speaking,-0.008439876891864206,"[[0.0, 3.124], [30.235, 33.013], [35.846, 37.124]]","[[0.0, 3.124], [30.291, 33.0], [35.817, 37.0]]","[[0.0, 3.2], [30.3, 34.1], [35.9, 37.1]]"
RBEE_minus_official,public,official,rbee_seed1,137,Jk-UdLEfRPY_90_150.wav,machine gun shooting,-0.2230167706721654,"[[41.957, 43.013], [47.957, 49.013], [54.457, 55.457]]","[[41.957, 43.0], [54.624, 55.624]]","[[42.0, 43.1], [47.9, 49.0], [54.6, 55.9]]"
RBEE_minus_official,public,official,rbee_seed1,138,FidGPhNC4sc_0_60.wav,machine gun shooting,-0.004121621621621663,"[[37.902, 49.457], [57.124, 59.902]]","[[37.902, 49.51], [57.238, 59.902]]","[[38.0, 41.9], [43.3, 44.4], [45.6, 49.8], [57.0, 58.9]]"
RBEE_minus_official,public,official,rbee_seed1,143,QW_m5t16010_82_118.wav,orchestra,-0.014060150375939884,"[[0.0, 13.374]]","[[0.0, 13.0]]","[[2.0, 26.6]]"
RBEE_minus_official,public,official,rbee_seed1,144,QW_m5t16010_415_466.wav,orchestra,-0.0006507809371244511,"[[9.124, 26.013]]","[[9.124, 26.0]]","[[9.7, 29.1]]"
RBEE_minus_official,public,official,rbee_seed1,145,oNTF2t8gUIM_184_276.wav,people battle cry,-0.00973954900962426,"[[22.374, 44.238]]","[[22.302, 44.51]]","[[22.6, 44.3]]"
RBEE_minus_official,public,official,rbee_seed1,147,LMKxK3ZHLMY_0_30.wav,people burping,-0.011655067715943435,"[[3.874, 4.874], [12.374, 13.374], [26.945, 27.945]]","[[3.902, 4.902], [12.302, 13.302], [26.902, 27.902]]","[[3.6, 4.3], [12.4, 12.8], [27.0, 27.4]]"
RBEE_minus_official,public,official,rbee_seed1,149,l22_mm7qDoI_0_60.wav,people cheering,-0.10559730465782563,"[[10.124, 12.013], [36.957, 39.513], [48.457, 51.513]]","[[36.902, 39.513], [48.513, 51.513]]","[[10.0, 20.0], [37.2, 41.0], [48.7, 52.3]]"
RBEE_minus_official,public,official,rbee_seed1,153,1Y-C9RMyaQQ_0_53.wav,people coughing,-0.0020721205821946816,"[[4.874, 6.013]]","[[4.802, 6.0]]","[[5.8, 6.4], [46.5, 52.2]]"
RBEE_minus_official,public,official,rbee_seed1,155,0us2UbWFTCI_47_69.wav,people crowd,-0.0019402985074623569,"[[0.0, 6.013]]","[[0.0, 6.0]]","[[0.0, 6.7]]"
RBEE_minus_official,public,official,rbee_seed1,156,ATv_bcvl_68_0_60.wav,people eating,-0.00029615259155002516,"[[36.01, 39.01], [52.01, 59.92]]","[[36.0, 39.0], [52.65, 59.9]]","[[52.4, 60.0]]"
RBEE_minus_official,public,official,rbee_seed1,164,goaBcQ9Nb8k_60_90.wav,people shouting,-0.06705202312138703,"[[21.086, 22.47]]","[[21.0, 22.5]]","[[21.1, 22.3]]"
RBEE_minus_official,public,official,rbee_seed1,166,hHZvUeAdzeI_0_40.wav,people slapping,-0.007202587400905791,"[[33.874, 34.874], [38.238, 39.238]]","[[33.902, 34.902], [38.0, 39.0]]","[[33.8, 34.3], [36.1, 40.0]]"
RBEE_minus_official,public,official,rbee_seed1,172,to28kxXlvDM_43_103.wav,people sobbing,-0.0052513026052102285,"[[55.01, 59.92]]","[[55.0, 59.902]]","[[55.8, 60.0]]"
RBEE_minus_official,public,official,rbee_seed1,173,8VDn54munVo_100_160.wav,people sobbing,-0.014822665354233572,"[[5.957, 17.346], [21.346, 26.957], [40.346, 53.124]]","[[5.957, 17.51], [21.846, 26.846], [40.346, 53.846]]","[[5.7, 9.1], [21.5, 22.6], [47.8, 48.8]]"
RBEE_minus_official,public,official,rbee_seed1,174,k-dhOJF2MuY_120_162.wav,people whispering,-0.03013719447621488,"[[5.374, 7.965], [13.42, 17.238], [21.92, 28.159], [31.965, 33.92], [36.238, 37.513], [39.874, 40.874]]","[[5.0, 7.902], [13.5, 17.5], [21.701, 28.0], [31.902, 33.902], [36.201, 37.201], [39.8, 40.8]]","[[5.6, 7.8], [21.8, 34.1], [36.3, 37.5], [40.0, 40.6]]"
RBEE_minus_official,public,official,rbee_seed1,175,k-dhOJF2MuY_280_325.wav,people whispering,-0.03187699565103258,"[[1.513, 2.513], [11.735, 12.735], [14.624, 17.402], [19.013, 21.235], [22.235, 23.513], [27.346, 28.346], [30.735, 34.51]]","[[1.5, 2.5], [11.7, 23.5], [27.3, 29.0], [30.7, 34.5], [36.9, 39.5], [41.2, 44.9]]","[[14.9, 23.7]]"
RBEE_minus_official,public,official,rbee_seed1,179,pBtKznMVur4_290_350.wav,playing accordion,-0.0059393698527305805,"[[14.088, 17.124], [38.945, 44.874]]","[[14.0, 17.0], [38.9, 44.9]]","[[13.8, 17.1], [39.0, 44.5]]"
RBEE_minus_official,public,official,rbee_seed1,181,BBz-Jyr23M4_540_620.wav,playing acoustic guitar,-0.020929140289973613,"[[3.735, 4.735], [15.902, 17.013]]","[[3.902, 5.0], [15.902, 20.0]]","[[3.7, 5.2], [15.5, 17.3], [19.7, 21.3], [23.8, 24.8]]"
RBEE_minus_official,public,official,rbee_seed1,182,_5TXy_J6xJI_120_180.wav,playing badminton,-0.10441483014907782,"[[44.01, 48.92], [58.692, 60.0]]","[[44.0, 48.0], [58.0, 59.0]]","[[42.2, 43.1], [45.4, 49.2], [54.3, 60.0]]"
RBEE_minus_official,public,official,rbee_seed1,183,5bS37_a39PM_10_70.wav,playing badminton,-0.03702719125018794,"[[49.513, 50.513], [58.457, 59.457]]","[[49.51, 50.51], [58.51, 59.51]]","[[49.5, 50.4], [58.2, 59.2]]"
RBEE_minus_official,public,official,rbee_seed1,185,Tm4ZJWTQXng_150_210.wav,playing banjo,-0.013214285714285734,"[[27.013, 34.624]]","[[27.0, 34.5]]","[[27.0, 35.4]]"
RBEE_minus_official,public,official,rbee_seed1,186,y_p4cSklyik_0_60.wav,playing bass guitar,-0.0009629629629631653,"[[0.0, 13.013]]","[[0.0, 13.0]]","[[0.0, 13.5]]"
RBEE_minus_official,public,official,rbee_seed1,187,Z8tPJMXc1jU_15_75.wav,playing bass guitar,-0.0009154929577462889,"[[0.0, 12.013]]","[[0.0, 12.0]]","[[0.0, 14.2]]"
RBEE_minus_official,public,official,rbee_seed1,193,QW_m5t16010_187_237.wav,playing cornet,-0.015303682448588707,"[[39.01, 47.374]]","[[39.0, 47.5]]","[[39.1, 47.1]]"
RBEE_minus_official,public,official,rbee_seed1,195,6BmPZifNZos_30_90.wav,playing drum kit,-0.006052631578947643,"[[30.957, 41.124]]","[[30.902, 41.0]]","[[30.2, 41.6]]"
RBEE_minus_official,public,official,rbee_seed1,196,x5hH5PRjpY4_48_108.wav,playing electronic organ,-0.015975817607684628,"[[23.874, 38.874]]","[[23.802, 38.702]]","[[24.0, 39.0]]"
RBEE_minus_official,public,official,rbee_seed1,200,eZOya7BqOc0_270_330.wav,playing flute,-0.06462658492749462,"[[43.513, 48.013]]","[[43.659, 47.846]]","[[43.5, 44.9], [46.2, 48.0]]"
RBEE_minus_official,public,official,rbee_seed1,203,Zc-EcRFrxcA_775_835.wav,playing harmonica,-0.008243392599440513,"[[46.945, 55.945]]","[[46.902, 55.902]]","[[47.1, 56.8]]"
RBEE_minus_official,public,official,rbee_seed1,206,VXD0p_g_UTg_0_31.wav,playing piano,-0.006754524102905446,"[[22.179, 30.932]]","[[22.101, 30.92]]","[[22.5, 30.4]]"
RBEE_minus_official,public,official,rbee_seed1,207,VXD0p_g_UTg_31_121.wav,playing piano,-0.0008441558441557584,"[[0.0, 15.013]]","[[0.0, 15.0]]","[[0.5, 15.4]]"
RBEE_minus_official,public,official,rbee_seed1,208,GbM7EszlDFw_0_60.wav,playing saxophone,-0.11186774544076328,"[[25.088, 29.445], [46.731, 52.445]]","[[25.0, 29.0], [46.5, 52.0]]","[[25.1, 29.7], [46.8, 52.5]]"
RBEE_minus_official,public,official,rbee_seed1,210,X5wA7DSspmc_0_90.wav,playing snare drum,-0.026639302279681587,"[[0.0, 16.235]]","[[0.0, 16.701]]","[[0.3, 15.8]]"
RBEE_minus_official,public,official,rbee_seed1,211,X5wA7DSspmc_400_449.wav,playing snare drum,-0.0956844711708523,"[[26.179, 27.179], [29.291, 30.291]]","[[26.15, 27.15], [29.15, 30.15], [37.0, 38.0], [43.0, 44.0]]","[[25.9, 26.7], [29.0, 29.6]]"
RBEE_minus_official,public,official,rbee_seed1,213,eu0zpa7OiYA_755_815.wav,playing synthesizer,-0.0210526315789471,"[[7.235, 10.013]]","[[7.302, 10.0]]","[[7.2, 11.0]]"
RBEE_minus_official,public,official,rbee_seed1,214,asx3wwdO178_12_72.wav,playing tabla,-0.012649366050169308,"[[1.874, 15.013]]","[[1.701, 15.0]]","[[1.9, 15.7]]"
RBEE_minus_official,public,official,rbee_seed1,216,yrFQCOcTlFY_0_48.wav,playing table tennis,-0.01969072164948482,"[[39.374, 47.965]]","[[39.5, 47.9]]","[[38.3, 48.0]]"
RBEE_minus_official,public,official,rbee_seed1,220,TflgyCIZEYM_131_170.wav,playing trombone,-0.028993730962508013,"[[15.513, 20.124]]","[[15.5, 20.0]]","[[15.7, 20.2]]"
RBEE_minus_official,public,official,rbee_seed1,221,ZWeaikbm57M_0_60.wav,playing trombone,-0.001585365853658427,"[[0.0, 5.013]]","[[0.0, 5.0]]","[[0.0, 8.2]]"
RBEE_minus_official,public,official,rbee_seed1,222,FFJ4FGlW5Zo_160_220.wav,playing trumpet,-0.0828301886792453,"[[8.01, 10.647]]","[[8.302, 10.5]]","[[6.2, 11.5]]"
RBEE_minus_official,public,official,rbee_seed1,229,q8PSwyIEkj4_104_164.wav,playing zither,-0.00947657214327935,"[[36.92, 52.013]]","[[36.402, 52.01]]","[[41.4, 44.8], [50.2, 53.7]]"
RBEE_minus_official,public,official,rbee_seed1,230,ZDB9fuxt1zc_0_30.wav,playing zither,-0.040215053763441144,"[[0.0, 8.374]]","[[0.0, 8.0]]","[[0.0, 9.3]]"
RBEE_minus_official,public,official,rbee_seed1,231,2aLhy0_XOxY_5_65.wav,police car siren,-0.001477272727272716,"[[0.0, 6.013]]","[[0.0, 6.0]]","[[0.0, 6.1], [7.9, 10.6]]"
RBEE_minus_official,public,official,rbee_seed1,232,2aLhy0_XOxY_180_230.wav,police car siren,-0.02413043478260879,"[[29.902, 35.124]]","[[30.0, 35.0]]","[[26.4, 35.6]]"
RBEE_minus_official,public,official,rbee_seed1,238,WjBYRUZbU4Y_1024_1054.wav,sailing,-0.0022666666666666113,"[[0.0, 29.97]]","[[0.0, 29.902]]","[[23.1, 30.0]]"
RBEE_minus_official,public,official,rbee_seed1,240,8vsdnrrnWZA_190_250.wav,sea waves,-0.10403813095796188,"[[15.42, 22.874]]","[[15.0, 22.0]]","[[15.2, 23.1]]"
RBEE_minus_official,public,official,rbee_seed1,242,eyOPSZ9mFz0_210_260.wav,sheep bleating,-0.001091550264168517,"[[11.01, 20.874], [38.01, 39.01]]","[[10.902, 20.902], [37.957, 39.068]]","[[11.4, 13.6], [19.5, 20.5], [38.1, 39.2]]"
RBEE_minus_official,public,official,rbee_seed1,243,ND_r33yFG0Q_0_52.wav,singing choir,-0.0020639857663721506,"[[13.374, 51.965]]","[[13.3, 51.9]]","[[44.2, 52.0]]"
RBEE_minus_official,public,official,rbee_seed1,244,ND_r33yFG0Q_76_110.wav,singing choir,-0.0019999999999999463,"[[0.0, 33.97]]","[[0.0, 33.902]]","[[16.4, 18.4], [20.3, 22.1], [29.1, 34.0]]"
RBEE_minus_official,public,official,rbee_seed1,247,-1q1otOq9TU_285_315.wav,skidding,-0.030161524125077332,"[[13.01, 17.124]]","[[13.0, 17.0]]","[[13.3, 17.4]]"
RBEE_minus_official,public,official,rbee_seed1,251,udc_NPwrSK0_0_57.wav,tap dancing,-0.016145733317371014,"[[10.51, 17.92], [34.283, 56.965]]","[[10.65, 17.5], [34.5, 56.9]]","[[11.0, 18.3], [34.1, 39.0], [44.1, 50.0], [52.2, 56.4]]"
RBEE_minus_official,public,official,rbee_seed1,254,rEnBNeV5toY_0_92.wav,telephone bell ringing,-0.0010062951955257526,"[[14.01, 31.01]]","[[14.0, 31.0]]","[[18.2, 31.3]]"
RBEE_minus_official,public,official,rbee_seed1,255,7ZNOCgxSi5Y_11_71.wav,thunder,-0.0010156249999998535,"[[0.0, 12.013]]","[[0.0, 12.0]]","[[2.7, 12.8]]"
RBEE_minus_official,public,official,rbee_seed1,257,_Gg3M-GF9sE_3_63.wav,train horning,-0.07581755234837739,"[[48.013, 59.902]]","[[48.0, 59.0]]","[[48.4, 51.5], [54.0, 55.8], [57.6, 60.0]]"
RBEE_minus_official,public,official,rbee_seed1,260,4qgyGAJkvWY_0_20.wav,train wheels squealing,-0.016164931945556682,"[[15.004, 19.977]]","[[15.0, 19.9]]","[[15.2, 20.0]]"
RBEE_minus_official,public,official,rbee_seed1,261,HE13qoYreRU_90_160.wav,typing on computer keyboard,-0.017103172699327818,"[[8.235, 41.846], [45.01, 60.846]]","[[8.457, 41.0], [45.0, 59.0]]","[[8.4, 27.0], [44.9, 48.1], [55.8, 60.5]]"
RBEE_minus_official,public,official,rbee_seed1,262,s6twpD2TrzM_1200_1290.wav,typing on computer keyboard,-0.1295937629597142,"[[31.235, 63.013]]","[[30.874, 59.0]]","[[32.7, 36.8], [40.7, 41.8], [50.2, 63.4]]"
RBEE_minus_official,public,official,rbee_seed1,263,pzVspJzpwQ0_0_60.wav,vacuum cleaner cleaning floors,-0.03674044832933887,"[[11.513, 12.513], [23.013, 25.013], [33.013, 35.013], [43.957, 46.013]]","[[11.51, 12.51], [23.01, 25.01], [33.01, 35.01], [43.01, 46.01]]","[[0.6, 1.5], [23.2, 25.3], [44.1, 47.2]]"
RBEE_minus_official,public,official,rbee_seed1,264,pzVspJzpwQ0_60_120.wav,vacuum cleaner cleaning floors,-0.007393316598683031,"[[26.013, 29.013]]","[[26.0, 29.0]]","[[26.4, 29.2]]"
RBEE_minus_official,public,official,rbee_seed1,265,uhqVEpoQLJE_65_125.wav,vehicle honking,-0.0014140922069306727,"[[28.679, 31.124], [41.957, 43.957]]","[[28.65, 31.0], [41.9, 43.9]]","[[8.3, 9.5], [28.5, 31.2], [41.9, 43.8], [55.4, 60.0]]"
RBEE_minus_official,public,official,rbee_seed1,266,uhqVEpoQLJE_145_205.wav,vehicle honking,-0.0864052200606582,"[[3.457, 4.457], [24.902, 26.013], [38.235, 39.235]]","[[3.51, 4.51], [25.01, 26.01], [38.374, 39.374]]","[[3.4, 4.4], [25.0, 26.0], [38.2, 39.2]]"
RBEE_minus_official,public,official,rbee_seed1,268,eNUpTV9BGac_250_350.wav,water burbling,-0.4755905511811025,"[[6.124, 22.124], [49.374, 65.124]]","[[6.124, 22.701]]","[[49.9, 65.0]]"
RBEE_minus_official,public,official,rbee_seed1,269,eNUpTV9BGac_403_477.wav,wind noise,-0.003954600825979648,"[[43.957, 56.902]]","[[43.957, 56.957]]","[[44.3, 56.4]]"
RBEE_minus_official,public,official,rbee_seed1,270,eNUpTV9BGac_460_507.wav,wind noise,-0.009951992434586776,"[[17.957, 33.513]]","[[17.65, 33.65]]","[[18.0, 33.9]]"
RBEE_minus_official,public,official,rbee_seed1,271,NCi-VqerJlI_20_41.wav,woman speaking,-0.04849462365591406,"[[11.374, 14.374]]","[[11.457, 14.5]]","[[11.4, 14.2]]"
RBEE_minus_official,public,official,rbee_seed1,274,eoINKEFklgM_0_60.wav,bull bellowing,-0.06601665651025801,"[[0.0, 2.735]]","[[0.0, 2.5]]","[[1.0, 2.7]]"
RBEE_minus_official,public,official,rbee_seed1,275,0mZQ6Q-viPw_0_33.wav,dog barking,-0.020476190476190537,"[[0.0, 1.945]]","[[0.0, 1.902]]","[[0.4, 2.1]]"
RBEE_minus_official,public,official,rbee_seed1,278,s9d-2nhuJCQ_30_90.wav,people cheering,-0.0701145203832927,"[[0.0, 59.902]]","[[0.0, 1.0]]","[[3.1, 7.3]]"
RBEE_minus_official,public,official,rbee_seed1,280,2VjbDttFK44_490_550.wav,people laughing,-0.0681443173782259,"[[58.457, 59.457]]","[[58.51, 59.51]]","[[58.3, 59.1]]"
RBEE_minus_official,public,official,rbee_seed1,282,s9d-2nhuJCQ_30_90.wav,people whistling,-0.023345005836251452,"[[0.0, 59.97]]","[[0.0, 5.0]]","[[5.7, 6.5], [8.3, 8.9]]"
RBEE_minus_official,public,official,rbee_seed1,284,usoBcNXsN_8_90_150.wav,playing accordion,-0.0007671338657810889,"[[28.513, 35.013]]","[[28.51, 35.01]]","[[28.8, 31.2], [32.9, 35.1]]"
RBEE_minus_official,public,official,rbee_seed1,286,BJKYjXe6ACE_0_55.wav,playing acoustic guitar,-0.008921568627451082,"[[44.874, 54.965]]","[[44.802, 54.802]]","[[44.8, 55.0]]"
RBEE_minus_official,public,official,rbee_seed1,289,ZGYN5mMXpFM_0_25.wav,playing banjo,-0.005689589027438213,"[[1.945, 7.013]]","[[1.902, 7.0]]","[[2.1, 7.0]]"
RBEE_minus_official,public,official,rbee_seed1,291,riCDOFyRIZ4_0_50.wav,playing bass guitar,-0.02999999999999986,"[[0.0, 4.013], [23.013, 25.402]]","[[0.0, 4.0], [23.0, 25.0]]","[[0.0, 4.5], [15.7, 18.2], [18.7, 21.2], [22.1, 26.0]]"
RBEE_minus_official,public,official,rbee_seed1,292,riCDOFyRIZ4_60_88.wav,playing bass guitar,-0.033075008314101706,"[[0.0, 4.124], [13.624, 16.457]]","[[0.0, 4.0], [13.5, 16.5]]","[[0.0, 4.8], [14.0, 16.0]]"
RBEE_minus_official,public,official,rbee_seed1,293,9JJWzpB7MmA_100_190.wav,playing bass guitar,-0.09695682944090545,"[[69.513, 72.013], [80.013, 83.013]]","[[70.0, 83.0]]","[[67.5, 72.9], [78.7, 83.2]]"
RBEE_minus_official,public,official,rbee_seed1,295,Jd0xfgwofkQ_220_280.wav,playing cello,-0.017222222222222028,"[[0.0, 7.124]]","[[0.0, 7.0]]","[[0.0, 7.2]]"
RBEE_minus_official,public,official,rbee_seed1,299,vqOmk5fQM68_260_320.wav,playing clarinet,-0.028508542658266633,"[[23.235, 32.624]]","[[23.51, 32.51]]","[[23.3, 27.2], [28.7, 32.8]]"
RBEE_minus_official,public,official,rbee_seed1,300,sHlOsAxGnY8_50_110.wav,playing cornet,-0.011551724137931041,"[[54.235, 59.902]]","[[54.302, 59.902]]","[[54.2, 60.0]]"
RBEE_minus_official,public,official,rbee_seed1,302,kyWcuQW-tII_0_68.wav,playing drum kit,-0.06932203389830494,"[[47.624, 53.374]]","[[47.659, 53.0]]","[[47.6, 53.5]]"
RBEE_minus_official,public,official,rbee_seed1,303,DuFX6MxDYPY_0_60.wav,playing electronic organ,-0.0016364053282188484,"[[46.01, 55.01]]","[[46.0, 55.0]]","[[46.4, 47.4], [48.5, 49.5], [51.1, 55.8]]"
RBEE_minus_official,public,official,rbee_seed1,304,DuFX6MxDYPY_120_180.wav,playing electronic organ,-0.022142004225222833,"[[21.965, 24.124], [39.965, 47.124], [51.124, 57.124]]","[[21.902, 24.01], [40.01, 47.01], [51.01, 57.01]]","[[21.4, 24.4], [39.3, 47.2], [51.1, 57.3]]"
RBEE_minus_official,public,official,rbee_seed1,305,LP4UObyZy6w_75_135.wav,playing electronic organ,-0.01781170483460537,"[[54.902, 59.902]]","[[55.0, 59.902]]","[[54.4, 56.4], [57.9, 59.0]]"
RBEE_minus_official,public,official,rbee_seed1,306,hNKFL02U8W4_120_180.wav,playing erhu,-0.006727005144730347,"[[29.957, 31.513], [50.902, 53.513]]","[[29.902, 31.51], [50.902, 53.51]]","[[30.2, 31.5], [33.2, 34.2], [51.0, 53.4]]"
RBEE_minus_official,public,official,rbee_seed1,308,hNKFL02U8W4_360_420.wav,playing erhu,-0.022206592099545175,"[[30.445, 36.445], [44.238, 45.238], [48.01, 53.945]]","[[30.5, 36.5], [44.3, 45.3], [48.0, 53.0]]","[[30.6, 31.7], [34.9, 36.6], [44.5, 45.6], [48.3, 49.4], [52.3, 53.6]]"
RBEE_minus_official,public,official,rbee_seed1,314,agjYDv78kCs_10_70.wav,playing harmonica,-0.007165354330708751,"[[47.374, 59.965]]","[[47.402, 59.902]]","[[47.3, 50.8], [55.9, 60.0]]"
RBEE_minus_official,public,official,rbee_seed1,316,VW0H8b2OHSM_44_104.wav,playing harp,-0.0007379422824715376,"[[14.42, 21.056], [48.01, 59.965]]","[[14.457, 21.0], [48.0, 59.902]]","[[14.5, 15.9], [17.4, 21.4], [48.2, 49.6], [54.0, 56.4]]"
RBEE_minus_official,public,official,rbee_seed1,318,efCmmDDnT74_0_80.wav,playing piano,-0.0026856103266054143,"[[59.01, 65.01]]","[[59.0, 65.0]]","[[59.4, 65.8]]"
RBEE_minus_official,public,official,rbee_seed1,320,nVhgAtMUgBk_0_40.wav,playing saxophone,-0.028837209302325695,"[[0.0, 4.124]]","[[0.0, 4.0]]","[[0.0, 4.3]]"
RBEE_minus_official,public,official,rbee_seed1,322,IxffSFoVK78_240_300.wav,playing saxophone,-0.00705266471944066,"[[28.374, 33.013], [49.692, 54.013]]","[[28.374, 33.0], [49.65, 54.0]]","[[28.3, 33.2], [49.8, 54.1]]"
RBEE_minus_official,public,official,rbee_seed1,323,X5wA7DSspmc_10_70.wav,playing snare drum,-0.0191595665081703,"[[0.0, 6.374]]","[[0.0, 6.5]]","[[0.0, 6.3]]"
RBEE_minus_official,public,official,rbee_seed1,324,X5wA7DSspmc_70_130.wav,playing snare drum,-0.020698829297155386,"[[40.902, 43.013], [49.013, 50.902]]","[[40.902, 43.0], [49.0, 51.0]]","[[40.8, 43.2], [49.0, 50.9]]"
RBEE_minus_official,public,official,rbee_seed1,325,X5wA7DSspmc_150_210.wav,playing snare drum,-0.10701644027733037,"[[14.965, 19.013], [27.238, 30.192], [36.513, 40.374], [46.92, 49.013], [57.874, 60.0]]","[[14.957, 19.0], [27.457, 39.0]]","[[14.9, 19.0], [27.5, 30.5], [36.7, 40.2]]"
RBEE_minus_official,public,official,rbee_seed1,330,ZWeaikbm57M_280_340.wav,playing trombone,-0.02956798204099892,"[[21.01, 23.624], [25.957, 28.51], [31.957, 34.846]]","[[25.902, 34.874]]","[[32.1, 35.0]]"
RBEE_minus_official,public,official,rbee_seed1,331,Ymt3UbVPBm4_126_186.wav,playing trombone,-0.017981048448723863,"[[47.01, 51.01], [56.92, 58.92]]","[[47.457, 51.0], [55.846, 58.846]]","[[57.3, 58.6]]"
RBEE_minus_official,public,official,rbee_seed1,332,uDbZvKBd-sk_90_150.wav,playing trombone,-0.021116137774282007,"[[52.735, 56.124]]","[[52.791, 56.513]]","[[52.7, 56.3]]"
RBEE_minus_official,public,official,rbee_seed1,335,fBgbJcDjsLs_25_68.wav,playing trumpet,-0.00689687284672702,"[[20.874, 24.238], [33.238, 36.874]]","[[20.874, 24.51], [33.283, 36.51]]","[[20.9, 24.9], [33.5, 36.9]]"
RBEE_minus_official,public,official,rbee_seed1,336,uvBbvPUfYfE_19_79.wav,playing ukulele,-0.07105828355883492,"[[15.92, 18.056], [36.01, 41.147], [49.965, 52.192], [59.283, 60.0]]","[[15.874, 18.0], [36.0, 41.0], [50.0, 52.0]]","[[16.1, 18.7], [36.2, 41.3], [50.1, 51.8], [59.2, 60.0]]"
RBEE_minus_official,public,official,rbee_seed1,338,yqOuNOfLyUE_0_60.wav,playing ukulele,-0.005308846925365429,"[[35.624, 36.624], [44.624, 45.624], [47.624, 48.624], [51.624, 52.624]]","[[35.0, 36.0], [44.8, 45.8], [47.8, 48.8], [51.0, 52.0], [54.8, 55.8]]","[[35.4, 36.4], [39.4, 41.6], [44.9, 46.0], [47.8, 54.2]]"
RBEE_minus_official,public,official,rbee_seed1,339,28YVOGk5uGY_0_60.wav,playing violin,-0.002177337911532934,"[[0.0, 5.013], [46.013, 50.902]]","[[0.0, 5.0], [45.902, 50.902]]","[[46.2, 48.4]]"
RBEE_minus_official,public,official,rbee_seed1,340,28YVOGk5uGY_50_110.wav,playing violin,-0.05781698373897348,"[[15.402, 18.957], [35.902, 41.513]]","[[15.5, 18.5], [35.3, 41.3]]","[[15.6, 19.2]]"
RBEE_minus_official,public,official,rbee_seed1,343,hnsC3mxVZf8_15_75.wav,playing zither,-0.02159161173700863,"[[38.01, 44.624]]","[[37.957, 44.51]]","[[38.4, 40.0], [40.6, 42.1], [43.4, 44.8]]"
RBEE_minus_official,public,official,rbee_seed1,344,KT-rYg9B_CM_420_480.wav,skateboarding,-0.010227272727272918,"[[6.92, 8.965]]","[[6.902, 8.902]]","[[6.2, 10.6]]"
RBEE_minus_official,public,official,rbee_seed1,346,5So_E6yPW40_0_40.wav,thunder,-0.03885714285714259,"[[9.874, 11.01]]","[[10.0, 11.0]]","[[9.8, 11.9], [26.9, 28.3]]"
RBEE_minus_official,public,official,rbee_seed1,347,DIkH3opVS8o_0_30.wav,thunder,-0.010294117647058898,"[[26.735, 29.97]]","[[26.701, 29.901]]","[[26.6, 30.0]]"
RBEE_minus_official,public,official,rbee_seed1,349,qiV8azj6bDY_300_360.wav,train horning,-0.05586206896551693,"[[17.235, 19.624]]","[[17.283, 19.51]]","[[16.9, 19.8]]"
RBEE_minus_official,public,official,rbee_seed1,350,gUZOZP-sgng_310_370.wav,typing on computer keyboard,-0.01044068165182288,"[[13.945, 17.013], [27.238, 29.374]]","[[13.902, 17.01], [27.374, 29.374]]","[[27.3, 30.6]]"
RBEE_minus_official,public,official,rbee_seed1,352,QhlmKHbPFhU_0_40.wav,vacuum cleaner cleaning floors,-0.005927589544643119,"[[35.42, 39.965]]","[[35.457, 39.902]]","[[35.5, 40.0]]"
RBEE_minus_official,public,official,rbee_seed1,355,YScsKu7Txnw_164_224.wav,water burbling,-0.007391304347825811,"[[58.513, 59.957]]","[[58.51, 59.92]]","[[55.4, 60.0]]"
RBEE_minus_official,public,official,rbee_seed1,356,YScsKu7Txnw_251_311.wav,water burbling,-0.7613769314232848,"[[0.0, 5.902]]","[[0.0, 5.874], [19.0, 43.0]]","[[0.0, 5.6]]"
RBEE_minus_official,public,official,rbee_seed1,365,hTmjb9CtsTQ_0_58.wav,playing piano,-0.002625192362110229,"[[15.957, 27.013]]","[[15.902, 27.01]]","[[16.1, 17.6], [25.3, 26.8], [21.7, 23.7], [19.2, 20.4]]"
RBEE_minus_official,public,official,rbee_seed1,367,yBJWAmYDnIU_480_540.wav,playing flute,-0.05038864540815713,"[[22.874, 25.013], [46.013, 48.235]]","[[22.874, 25.0], [46.0, 48.0]]","[[22.9, 25.6], [46.3, 48.4]]"
RBEE_minus_official,public,official,rbee_seed1,369,Izf5sGMI1CY_0_40.wav,playing clarinet,-0.03061503872440502,"[[5.402, 7.013], [9.735, 16.235], [24.235, 29.735], [34.124, 36.624]]","[[5.5, 16.5], [24.3, 29.3], [34.3, 36.3]]","[[5.6, 6.9], [10.0, 11.4], [14.0, 16.0]]"
RBEE_minus_official,public,official,rbee_seed1,374,9EnPEkBCzeo_106_150.wav,hammering nails,-0.0016179987177450394,"[[40.624, 43.902]]","[[40.51, 43.965]]","[[19.3, 20.6], [41.0, 44.0]]"
RBEE_minus_official,public,official,rbee_seed1,375,T6B1r0-CYf0_70_160.wav,hammering nails,-0.05826946443705924,"[[16.013, 17.013], [38.235, 39.235], [58.235, 59.235], [81.457, 82.457]]","[[16.902, 17.902], [23.51, 24.51], [38.238, 39.238], [58.238, 59.238], [81.51, 82.51]]","[[81.4, 82.4]]"
RBEE_minus_official,public,official,rbee_seed1,376,T6B1r0-CYf0_154_204.wav,hammering nails,-0.015377239875896731,"[[1.513, 2.513], [8.235, 9.235], [13.013, 14.013], [17.902, 18.902], [21.846, 22.846], [44.013, 45.013]]","[[1.51, 2.51], [8.374, 9.374], [13.01, 14.01], [18.01, 19.01], [22.01, 23.01], [44.01, 45.01]]","[[7.7, 8.6], [12.3, 13.3], [43.4, 47.3]]"
RBEE_minus_official,public,official,rbee_seed1,379,DmX_p990A0Y_206_246.wav,playing harmonica,-0.0010399999999999854,"[[0.0, 11.013]]","[[0.0, 11.0]]","[[7.7, 12.5]]"
RBEE_minus_official,public,official,rbee_seed1,381,pPNdzlgkG3M_50_110.wav,playing clarinet,-0.05666300768386345,"[[25.624, 27.957], [49.902, 52.124]]","[[25.65, 27.65], [49.902, 52.902]]","[[26.0, 27.3], [50.0, 51.6]]"
RBEE_minus_official,public,official,rbee_seed1,383,oXKgkoodS40_0_60.wav,playing trumpet,-0.016881373836964975,"[[34.374, 39.013]]","[[34.457, 39.0]]","[[34.3, 35.7]]"
RBEE_minus_official,public,official,rbee_seed1,385,ckHzSVkWpII_90_135.wav,playing cornet,-0.04831932773109193,"[[15.013, 16.624], [21.124, 23.013], [37.624, 41.124]]","[[15.0, 16.0], [21.0, 23.0], [37.7, 41.0]]","[[15.3, 16.4], [21.3, 22.8], [37.7, 41.1]]"
RBEE_minus_official,public,official,rbee_seed1,386,xyVFIPtOsm8_68_95.wav,playing synthesizer,-0.01806732178215198,"[[22.445, 26.945]]","[[22.402, 26.902]]","[[22.7, 27.0]]"
RBEE_minus_official,public,official,rbee_seed1,391,bY5zL4P3bR4_8_38.wav,people whispering,-0.029665985362187786,"[[12.004, 17.671], [20.504, 25.171]]","[[12.0, 17.5], [20.5, 25.0]]","[[12.2, 13.9], [15.2, 18.9], [20.6, 22.0], [23.3, 25.3]]"
RBEE_minus_official,public,official,rbee_seed1,392,bY5zL4P3bR4_80_118.wav,people whispering,-0.007472180188001776,"[[9.735, 12.624], [17.846, 18.846]]","[[9.701, 12.701], [17.801, 18.801]]","[[9.8, 12.9], [18.0, 19.1]]"
RBEE_minus_official,public,official,rbee_seed1,394,kKsT1xzVLDk_115_145.wav,people whispering,-0.002855970005460784,"[[11.97, 13.547], [19.278, 20.278]]","[[11.902, 13.5], [19.25, 20.25]]","[[0.0, 1.0], [12.0, 13.5], [19.1, 20.8]]"
RBEE_minus_official,public,official,rbee_seed1,396,QkDXn5QQ-kk_180_240.wav,playing volleyball,-0.07865150722293512,"[[16.874, 17.874], [23.124, 24.124]]","[[16.874, 17.874], [23.0, 24.0]]","[[16.7, 17.8], [23.5, 24.4]]"
RBEE_minus_official,public,official,rbee_seed1,397,J6_-SaW_GUE_0_60.wav,basketball bounce,-0.1448216754522509,"[[34.902, 36.013]]","[[34.902, 36.513]]","[[34.3, 36.0]]"
RBEE_minus_official,public,official,rbee_seed1,398,zbWFCrbyMYQ_20_105.wav,people crowd,-0.020055739933739825,"[[0.0, 2.013], [29.902, 31.902], [39.013, 40.013], [56.013, 57.013], [76.402, 77.402]]","[[0.0, 2.0], [29.802, 31.802], [39.0, 40.0], [50.0, 51.0], [56.0, 57.0], [76.0, 77.0], [80.0, 81.0]]","[[1.4, 2.7], [29.5, 31.5], [48.7, 50.4], [76.3, 79.8]]"
RBEE_minus_official,public,official,rbee_seed1,399,WFjHILsPhh0_0_20.wav,driving buses,-0.13799367088607592,"[[0.0, 19.97]]","[[0.0, 12.0]]","[[2.2, 6.0], [16.2, 20.0]]"
RBEE_minus_official,public,official,rbee_seed2,1,_Uro9suV3xU_45_135.wav,hair dryer drying,-0.020083016546476817,"[[80.874, 84.124]]","[[80.802, 84.101]]","[[81.0, 84.8]]"
RBEE_minus_official,public,official,rbee_seed2,4,eXQYEfqCU08_38_68.wav,train horning,-0.017000000000000015,"[[0.0, 3.97]]","[[0.0, 3.902]]","[[0.0, 4.0]]"
RBEE_minus_official,public,official,rbee_seed2,5,OD54eF2XKJA_0_30.wav,people cheering,-0.011638135483592993,"[[23.374, 25.013]]","[[23.0, 25.0]]","[[23.8, 30.0]]"
RBEE_minus_official,public,official,rbee_seed2,13,I5W0Nnn1zFk_0_60.wav,bird chirping,-0.0024074074074070806,"[[48.735, 50.013]]","[[48.735, 50.0]]","[[22.0, 23.4], [28.0, 29.5], [42.0, 42.8], [48.7, 50.4]]"
RBEE_minus_official,public,official,rbee_seed2,18,b62RgDBmly8_0_30.wav,singing choir,-0.004615384615384799,"[[26.235, 29.92]]","[[26.235, 29.902]]","[[26.1, 30.0]]"
RBEE_minus_official,public,official,rbee_seed2,20,gJ1EjXFq5vQ_390_450.wav,people whistling,-0.040684049331400796,"[[20.735, 23.513]]","[[20.735, 23.0]]","[[20.7, 23.3]]"
RBEE_minus_official,public,official,rbee_seed2,21,5VElNpaNPoo_0_60.wav,baby babbling,-0.0353118459606544,"[[41.624, 44.013]]","[[41.51, 44.01]]","[[42.0, 43.9]]"
RBEE_minus_official,public,official,rbee_seed2,22,5VElNpaNPoo_0_60.wav,machine gun shooting,-0.02726508137111988,"[[33.457, 34.457], [36.738, 37.738], [44.238, 45.238]]","[[33.457, 34.457], [36.846, 37.846], [44.235, 45.235]]","[[33.4, 33.9], [35.1, 35.8], [36.6, 37.1], [38.4, 38.9], [44.0, 44.5]]"
RBEE_minus_official,public,official,rbee_seed2,27,QIRX5273XKk_0_58.wav,people cheering,-0.004066784648111277,"[[28.013, 33.013]]","[[28.0, 33.0]]","[[28.3, 33.8]]"
RBEE_minus_official,public,official,rbee_seed2,31,ebRLSVHIGEE_10_50.wav,thunder,-0.16887999029244027,"[[0.0, 3.374]]","[[0.0, 3.0], [17.0, 33.0]]","[[2.6, 4.1]]"
RBEE_minus_official,public,official,rbee_seed2,36,zMveZHACzmo_10_100.wav,fire truck siren,-0.008125000000003268,"[[86.874, 90.0]]","[[86.802, 89.902]]","[[86.8, 90.0]]"
RBEE_minus_official,public,official,rbee_seed2,42,7-Wm2TyvMs8_9_49.wav,woman speaking,-0.010067114093960883,"[[10.004, 11.004], [22.124, 24.374]]","[[10.0, 11.0], [22.1, 24.5]]","[[10.0, 10.8], [22.1, 23.0]]"
RBEE_minus_official,public,official,rbee_seed2,43,39IZIbmQPzA_0_60.wav,cat meowing,-0.08095238095237633,"[[42.513, 43.513]]","[[42.65, 43.65]]","[[42.6, 43.3]]"
RBEE_minus_official,public,official,rbee_seed2,45,0QTme5iyg4A_0_60.wav,basketball bounce,-0.020277056277056116,"[[0.0, 2.874]]","[[0.0, 2.5]]","[[0.0, 1.1], [1.7, 2.3], [2.7, 3.5]]"
RBEE_minus_official,public,official,rbee_seed2,47,0QTme5iyg4A_161_221.wav,fireworks banging,-0.2733070148800493,"[[5.01, 6.01]]","[[5.235, 6.235]]","[[4.9, 5.7]]"
RBEE_minus_official,public,official,rbee_seed2,48,PxV5flu0hi4_10_70.wav,machine gun shooting,-0.10980115918387207,"[[56.513, 58.513]]","[[56.65, 58.0]]","[[56.8, 57.2], [58.2, 58.7]]"
RBEE_minus_official,public,official,rbee_seed2,50,F1qVm133XJg_190_250.wav,bird chirping,-0.6576860303451637,"[[42.42, 43.42]]","[[42.457, 59.0]]","[[42.5, 43.2]]"
RBEE_minus_official,public,official,rbee_seed2,53,A2NtJ12KIuU_0_40.wav,people crowd,-0.12896053362979434,"[[22.01, 39.92]]","[[22.0, 30.0]]","[[37.6, 40.0]]"
RBEE_minus_official,public,official,rbee_seed2,59,WChnH2EJr_8_0_30.wav,people burping,-0.07619338780804322,"[[4.004, 8.671], [11.771, 12.771], [18.846, 20.846], [26.004, 29.004]]","[[3.601, 8.701], [18.801, 28.701]]","[[25.7, 29.1]]"
RBEE_minus_official,public,official,rbee_seed2,60,EyAkVnhBJuU_0_30.wav,horse clip-clop,-0.1361817890862538,"[[2.004, 10.004], [13.004, 29.004]]","[[1.0, 10.0]]","[[25.6, 30.0]]"
RBEE_minus_official,public,official,rbee_seed2,65,fdqAbnGs-fw_0_89.wav,people coughing,-0.021612903225808888,"[[87.735, 89.0]]","[[87.802, 89.0]]","[[85.9, 89.0]]"
RBEE_minus_official,public,official,rbee_seed2,70,eW4EvkJze-A_0_60.wav,dog howling,-0.03578947368420948,"[[58.124, 59.97]]","[[58.124, 59.902]]","[[58.1, 60.0]]"
RBEE_minus_official,public,official,rbee_seed2,76,USlCCt8En7A_5_45.wav,baby laughter,-0.1555180337382658,"[[1.402, 4.013]]","[[1.402, 6.0]]","[[1.3, 2.4]]"
RBEE_minus_official,public,official,rbee_seed2,77,USlCCt8En7A_15_75.wav,female singing,-0.06647707074297812,"[[27.013, 28.013]]","[[36.701, 41.701]]","[[25.2, 27.2]]"
RBEE_minus_official,public,official,rbee_seed2,79,VQc-haIJXSM_25_68.wav,ambulance siren,-0.029304556430223727,"[[25.013, 31.374]]","[[25.402, 31.51]]","[[16.3, 31.3]]"
RBEE_minus_official,public,official,rbee_seed2,80,VQc-haIJXSM_437_460.wav,ambulance siren,-0.01439582861029276,"[[12.004, 14.708]]","[[12.0, 14.8]]","[[11.5, 13.8]]"
RBEE_minus_official,public,official,rbee_seed2,83,GVGw7gumeSI_10_47.wav,baby babbling,-0.0031802120141342094,"[[3.374, 5.513]]","[[3.355, 5.509]]","[[3.4, 7.6]]"
RBEE_minus_official,public,official,rbee_seed2,84,GVGw7gumeSI_200_260.wav,baby babbling,-0.019567456230690783,"[[37.874, 43.624]]","[[37.874, 43.51]]","[[38.0, 43.7]]"
RBEE_minus_official,public,official,rbee_seed2,85,buK45NW_ikI_0_60.wav,baby crying,-0.019595140521615595,"[[22.374, 26.513], [31.374, 33.513]]","[[22.5, 26.5], [31.5, 33.5]]","[[22.4, 33.4]]"
RBEE_minus_official,public,official,rbee_seed2,86,buK45NW_ikI_120_180.wav,baby crying,-0.05641002562116998,"[[5.457, 7.013], [11.124, 13.346]]","[[5.457, 7.0], [11.124, 13.0]]","[[5.5, 6.2], [7.1, 7.8], [8.8, 9.3], [11.2, 12.0], [12.9, 13.3]]"
RBEE_minus_official,public,official,rbee_seed2,89,0_56e5GKKwA_0_60.wav,basketball bounce,-0.024588864672082544,"[[0.0, 2.009], [15.374, 18.738], [42.374, 45.238]]","[[0.0, 2.0], [15.5, 18.5], [42.5, 45.5]]","[[0.5, 3.7], [16.1, 19.1], [42.6, 44.9]]"
RBEE_minus_official,public,official,rbee_seed2,90,mhVsO7wVIfk_140_200.wav,basketball bounce,-0.0038126179258445303,"[[41.945, 52.013]]","[[41.902, 52.01]]","[[42.2, 51.9]]"
RBEE_minus_official,public,official,rbee_seed2,92,fIueCTO8sWM_0_58.wav,beat boxing,-0.030662897232491937,"[[46.235, 51.513]]","[[46.51, 51.51]]","[[46.3, 48.4], [49.5, 51.3]]"
RBEE_minus_official,public,official,rbee_seed2,94,eNUpTV9BGac_447_520.wav,bird chirping,-0.05088451551182238,"[[46.874, 59.965]]","[[46.65, 59.15]]","[[46.7, 60.2]]"
RBEE_minus_official,public,official,rbee_seed2,95,sXSDR4qLkuQ_120_180.wav,bull bellowing,-0.000363909799418638,"[[57.457, 59.902]]","[[57.51, 59.965]]","[[31.6, 36.1], [47.0, 48.0], [57.6, 59.9]]"
RBEE_minus_official,public,official,rbee_seed2,96,p7k7ivFz-ko_10_70.wav,bull bellowing,-0.003849333506465935,"[[4.235, 24.346]]","[[4.235, 24.513]]","[[4.7, 7.1], [14.9, 20.3], [22.7, 24.3]]"
RBEE_minus_official,public,official,rbee_seed2,99,nZhNjmBFRns_0_60.wav,cat meowing,-0.04695139731861164,"[[14.874, 17.238], [20.42, 21.42], [26.374, 27.374], [31.329, 32.329], [38.238, 39.238]]","[[14.874, 17.374], [20.445, 21.445], [26.874, 27.874], [31.374, 32.374], [38.24, 39.24]]","[[14.8, 17.0], [20.5, 21.4], [26.5, 27.6], [31.0, 32.4]]"
RBEE_minus_official,public,official,rbee_seed2,103,_hjCSQ56RWc_0_38.wav,child singing,-0.009607965210862046,"[[30.009, 37.97]]","[[30.0, 37.902]]","[[30.1, 38.0]]"
RBEE_minus_official,public,official,rbee_seed2,107,vLvTLjZcibI_20_80.wav,dog barking,-0.0012350370511117204,"[[9.374, 19.013]]","[[9.374, 19.0]]","[[9.4, 19.1], [2.4, 3.2]]"
RBEE_minus_official,public,official,rbee_seed2,112,ElbBWjNpNWI_0_27.wav,driving buses,-0.0005784043825254326,"[[15.013, 27.0]]","[[15.0, 27.0]]","[[20.6, 27.0]]"
RBEE_minus_official,public,official,rbee_seed2,115,EuHy_Vpx514_0_60.wav,engine knocking,-0.02271839921913099,"[[5.624, 11.624]]","[[5.588, 11.735]]","[[5.7, 11.4]]"
RBEE_minus_official,public,official,rbee_seed2,118,Ud0MIgXET3g_0_62.wav,female singing,-0.012887329177296042,"[[7.965, 11.01], [58.92, 61.965]]","[[7.51, 11.01], [58.965, 61.965]]","[[54.2, 61.3]]"
RBEE_minus_official,public,official,rbee_seed2,119,RyUAFrXu5ng_80_140.wav,fire truck siren,-0.003143753374457381,"[[32.945, 59.945]]","[[32.902, 59.902]]","[[33.4, 60.0]]"
RBEE_minus_official,public,official,rbee_seed2,120,RyUAFrXu5ng_330_390.wav,fire truck siren,-0.0220264317180614,"[[17.01, 38.51]]","[[17.5, 38.5]]","[[17.0, 39.7]]"
RBEE_minus_official,public,official,rbee_seed2,121,_qsWAzHnwQ0_0_60.wav,fireworks banging,-1.0173447746453235e-05,"[[3.088, 13.088], [24.945, 46.445]]","[[3.0, 13.0], [24.957, 46.0]]","[[10.6, 13.1], [32.8, 35.4], [43.3, 45.7]]"
RBEE_minus_official,public,official,rbee_seed2,122,_qsWAzHnwQ0_150_210.wav,fireworks banging,-0.02801196317847443,"[[3.965, 20.124], [27.374, 59.965]]","[[3.957, 20.0], [27.374, 58.5]]","[[4.2, 19.7], [32.7, 60.0]]"
RBEE_minus_official,public,official,rbee_seed2,123,upcu7SKNGV4_0_33.wav,frog croaking,-0.005409007075090733,"[[15.679, 23.846]]","[[15.65, 23.5], [27.0, 28.0]]","[[15.8, 23.8], [27.0, 27.6]]"
RBEE_minus_official,public,official,rbee_seed2,124,upcu7SKNGV4_40_80.wav,frog croaking,-0.0010743801652891571,"[[0.0, 12.013]]","[[0.0, 12.0]]","[[0.3, 1.0], [6.4, 12.1]]"
RBEE_minus_official,public,official,rbee_seed2,129,OZVfvDBbwdI_695_735.wav,horse clip-clop,-0.00045000000000000595,"[[0.0, 39.92]]","[[0.0, 39.902]]","[[30.1, 40.0]]"
RBEE_minus_official,public,official,rbee_seed2,131,OZVfvDBbwdI_556_587.wav,kid speaking,-0.0015857574084816584,"[[5.735, 17.735], [21.513, 26.402]]","[[5.701, 17.701], [21.601, 26.401]]","[[9.3, 17.5], [21.5, 26.7], [5.6, 6.7]]"
RBEE_minus_official,public,official,rbee_seed2,132,OZVfvDBbwdI_1020_1060.wav,kid speaking,-0.002660127367007492,"[[0.0, 3.124], [30.235, 33.013], [35.846, 37.124]]","[[0.0, 3.124], [30.291, 33.0], [35.874, 37.0]]","[[0.0, 3.2], [30.3, 34.1], [35.9, 37.1]]"
RBEE_minus_official,public,official,rbee_seed2,137,Jk-UdLEfRPY_90_150.wav,machine gun shooting,-0.2230167706721654,"[[41.957, 43.013], [47.957, 49.013], [54.457, 55.457]]","[[41.957, 43.0], [54.624, 55.624]]","[[42.0, 43.1], [47.9, 49.0], [54.6, 55.9]]"
RBEE_minus_official,public,official,rbee_seed2,143,QW_m5t16010_82_118.wav,orchestra,-0.014060150375939884,"[[0.0, 13.374]]","[[0.0, 13.0]]","[[2.0, 26.6]]"
RBEE_minus_official,public,official,rbee_seed2,144,QW_m5t16010_415_466.wav,orchestra,-0.0006507809371244511,"[[9.124, 26.013]]","[[9.124, 26.0]]","[[9.7, 29.1]]"
RBEE_minus_official,public,official,rbee_seed2,145,oNTF2t8gUIM_184_276.wav,people battle cry,-0.0005012728765352303,"[[22.374, 44.238]]","[[22.51, 44.51]]","[[22.6, 44.3]]"
RBEE_minus_official,public,official,rbee_seed2,147,LMKxK3ZHLMY_0_30.wav,people burping,-0.011655067715943435,"[[3.874, 4.874], [12.374, 13.374], [26.945, 27.945]]","[[3.902, 4.902], [12.302, 13.302], [26.902, 27.902]]","[[3.6, 4.3], [12.4, 12.8], [27.0, 27.4]]"
RBEE_minus_official,public,official,rbee_seed2,149,l22_mm7qDoI_0_60.wav,people cheering,-0.13644633657034577,"[[10.124, 12.013], [36.957, 39.513], [48.457, 51.513]]","[[36.735, 39.009], [48.509, 51.509]]","[[10.0, 20.0], [37.2, 41.0], [48.7, 52.3]]"
RBEE_minus_official,public,official,rbee_seed2,153,1Y-C9RMyaQQ_0_53.wav,people coughing,-0.0020721205821946816,"[[4.874, 6.013]]","[[4.802, 6.0]]","[[5.8, 6.4], [46.5, 52.2]]"
RBEE_minus_official,public,official,rbee_seed2,155,0us2UbWFTCI_47_69.wav,people crowd,-0.0019402985074623569,"[[0.0, 6.013]]","[[0.0, 6.0]]","[[0.0, 6.7]]"
RBEE_minus_official,public,official,rbee_seed2,164,goaBcQ9Nb8k_60_90.wav,people shouting,-0.06705202312138703,"[[21.086, 22.47]]","[[21.0, 22.5]]","[[21.1, 22.3]]"
RBEE_minus_official,public,official,rbee_seed2,166,hHZvUeAdzeI_0_40.wav,people slapping,-0.007202587400905791,"[[33.874, 34.874], [38.238, 39.238]]","[[33.902, 34.902], [38.0, 39.0]]","[[33.8, 34.3], [36.1, 40.0]]"
RBEE_minus_official,public,official,rbee_seed2,172,to28kxXlvDM_43_103.wav,people sobbing,-0.0052513026052102285,"[[55.01, 59.92]]","[[55.0, 59.902]]","[[55.8, 60.0]]"
RBEE_minus_official,public,official,rbee_seed2,173,8VDn54munVo_100_160.wav,people sobbing,-0.014822665354233572,"[[5.957, 17.346], [21.346, 26.957], [40.346, 53.124]]","[[5.957, 17.51], [21.846, 26.846], [40.346, 53.846]]","[[5.7, 9.1], [21.5, 22.6], [47.8, 48.8]]"
RBEE_minus_official,public,official,rbee_seed2,174,k-dhOJF2MuY_120_162.wav,people whispering,-0.01718182689652248,"[[5.374, 7.965], [13.42, 17.238], [21.92, 28.159], [31.965, 33.92], [36.238, 37.513], [39.874, 40.874]]","[[5.0, 7.902], [13.5, 17.0], [21.7, 28.0], [31.9, 33.9], [36.2, 37.2], [39.8, 40.8]]","[[5.6, 7.8], [21.8, 34.1], [36.3, 37.5], [40.0, 40.6]]"
RBEE_minus_official,public,official,rbee_seed2,175,k-dhOJF2MuY_280_325.wav,people whispering,-0.026369720314039724,"[[1.513, 2.513], [11.735, 12.735], [14.624, 17.402], [19.013, 21.235], [22.235, 23.513], [27.346, 28.346], [30.735, 34.51]]","[[1.601, 2.601], [11.701, 23.601], [27.301, 29.001], [30.801, 34.501], [36.901, 39.501], [41.201, 44.901]]","[[14.9, 23.7]]"
RBEE_minus_official,public,official,rbee_seed2,179,pBtKznMVur4_290_350.wav,playing accordion,-0.0059393698527305805,"[[14.088, 17.124], [38.945, 44.874]]","[[14.0, 17.0], [38.9, 44.9]]","[[13.8, 17.1], [39.0, 44.5]]"
RBEE_minus_official,public,official,rbee_seed2,181,BBz-Jyr23M4_540_620.wav,playing acoustic guitar,-0.020929140289973613,"[[3.735, 4.735], [15.902, 17.013]]","[[3.902, 5.0], [15.902, 20.0]]","[[3.7, 5.2], [15.5, 17.3], [19.7, 21.3], [23.8, 24.8]]"
RBEE_minus_official,public,official,rbee_seed2,182,_5TXy_J6xJI_120_180.wav,playing badminton,-0.13677230318451666,"[[44.01, 48.92], [58.692, 60.0]]","[[44.0, 48.0], [54.0, 55.0]]","[[42.2, 43.1], [45.4, 49.2], [54.3, 60.0]]"
RBEE_minus_official,public,official,rbee_seed2,183,5bS37_a39PM_10_70.wav,playing badminton,-0.03702719125018794,"[[49.513, 50.513], [58.457, 59.457]]","[[49.51, 50.51], [58.51, 59.51]]","[[49.5, 50.4], [58.2, 59.2]]"
RBEE_minus_official,public,official,rbee_seed2,185,Tm4ZJWTQXng_150_210.wav,playing banjo,-0.013214285714285734,"[[27.013, 34.624]]","[[27.0, 34.5]]","[[27.0, 35.4]]"
RBEE_minus_official,public,official,rbee_seed2,186,y_p4cSklyik_0_60.wav,playing bass guitar,-0.0009629629629631653,"[[0.0, 13.013]]","[[0.0, 13.0]]","[[0.0, 13.5]]"
RBEE_minus_official,public,official,rbee_seed2,187,Z8tPJMXc1jU_15_75.wav,playing bass guitar,-0.0009154929577462889,"[[0.0, 12.013]]","[[0.0, 12.0]]","[[0.0, 14.2]]"
RBEE_minus_official,public,official,rbee_seed2,193,QW_m5t16010_187_237.wav,playing cornet,-0.015303682448588707,"[[39.01, 47.374]]","[[39.0, 47.5]]","[[39.1, 47.1]]"
RBEE_minus_official,public,official,rbee_seed2,195,6BmPZifNZos_30_90.wav,playing drum kit,-0.006052631578947643,"[[30.957, 41.124]]","[[30.902, 41.0]]","[[30.2, 41.6]]"
RBEE_minus_official,public,official,rbee_seed2,196,x5hH5PRjpY4_48_108.wav,playing electronic organ,-0.015975817607684628,"[[23.874, 38.874]]","[[23.802, 38.702]]","[[24.0, 39.0]]"
RBEE_minus_official,public,official,rbee_seed2,200,eZOya7BqOc0_270_330.wav,playing flute,-0.06462658492749462,"[[43.513, 48.013]]","[[43.659, 47.846]]","[[43.5, 44.9], [46.2, 48.0]]"
RBEE_minus_official,public,official,rbee_seed2,203,Zc-EcRFrxcA_775_835.wav,playing harmonica,-0.008243392599440513,"[[46.945, 55.945]]","[[46.902, 55.902]]","[[47.1, 56.8]]"
RBEE_minus_official,public,official,rbee_seed2,206,VXD0p_g_UTg_0_31.wav,playing piano,-0.006754524102905446,"[[22.179, 30.932]]","[[22.101, 30.92]]","[[22.5, 30.4]]"
RBEE_minus_official,public,official,rbee_seed2,207,VXD0p_g_UTg_31_121.wav,playing piano,-0.0008441558441557584,"[[0.0, 15.013]]","[[0.0, 15.0]]","[[0.5, 15.4]]"
RBEE_minus_official,public,official,rbee_seed2,208,GbM7EszlDFw_0_60.wav,playing saxophone,-0.11186774544076328,"[[25.088, 29.445], [46.731, 52.445]]","[[25.0, 29.0], [46.5, 52.0]]","[[25.1, 29.7], [46.8, 52.5]]"
RBEE_minus_official,public,official,rbee_seed2,210,X5wA7DSspmc_0_90.wav,playing snare drum,-0.026639302279681587,"[[0.0, 16.235]]","[[0.0, 16.701]]","[[0.3, 15.8]]"
RBEE_minus_official,public,official,rbee_seed2,211,X5wA7DSspmc_400_449.wav,playing snare drum,-0.0956844711708523,"[[26.179, 27.179], [29.291, 30.291]]","[[26.15, 27.15], [29.15, 30.15], [37.3, 38.3], [43.3, 44.3]]","[[25.9, 26.7], [29.0, 29.6]]"
RBEE_minus_official,public,official,rbee_seed2,213,eu0zpa7OiYA_755_815.wav,playing synthesizer,-0.0210526315789471,"[[7.235, 10.013]]","[[7.302, 10.0]]","[[7.2, 11.0]]"
RBEE_minus_official,public,official,rbee_seed2,214,asx3wwdO178_12_72.wav,playing tabla,-0.012649366050169308,"[[1.874, 15.013]]","[[1.701, 15.0]]","[[1.9, 15.7]]"
RBEE_minus_official,public,official,rbee_seed2,216,yrFQCOcTlFY_0_48.wav,playing table tennis,-0.01969072164948482,"[[39.374, 47.965]]","[[39.5, 47.9]]","[[38.3, 48.0]]"
RBEE_minus_official,public,official,rbee_seed2,220,TflgyCIZEYM_131_170.wav,playing trombone,-0.011536957697574901,"[[15.513, 20.124]]","[[15.588, 20.0]]","[[15.7, 20.2]]"
RBEE_minus_official,public,official,rbee_seed2,221,ZWeaikbm57M_0_60.wav,playing trombone,-0.001585365853658427,"[[0.0, 5.013]]","[[0.0, 5.0]]","[[0.0, 8.2]]"
RBEE_minus_official,public,official,rbee_seed2,222,FFJ4FGlW5Zo_160_220.wav,playing trumpet,-0.0828301886792453,"[[8.01, 10.647]]","[[8.302, 10.5]]","[[6.2, 11.5]]"
RBEE_minus_official,public,official,rbee_seed2,229,q8PSwyIEkj4_104_164.wav,playing zither,-0.00947657214327935,"[[36.92, 52.013]]","[[36.402, 52.01]]","[[41.4, 44.8], [50.2, 53.7]]"
RBEE_minus_official,public,official,rbee_seed2,230,ZDB9fuxt1zc_0_30.wav,playing zither,-0.040215053763441144,"[[0.0, 8.374]]","[[0.0, 8.0]]","[[0.0, 9.3]]"
RBEE_minus_official,public,official,rbee_seed2,231,2aLhy0_XOxY_5_65.wav,police car siren,-0.001477272727272716,"[[0.0, 6.013]]","[[0.0, 6.0]]","[[0.0, 6.1], [7.9, 10.6]]"
RBEE_minus_official,public,official,rbee_seed2,232,2aLhy0_XOxY_180_230.wav,police car siren,-0.02413043478260879,"[[29.902, 35.124]]","[[30.0, 35.0]]","[[26.4, 35.6]]"
RBEE_minus_official,public,official,rbee_seed2,238,WjBYRUZbU4Y_1024_1054.wav,sailing,-0.0022666666666666113,"[[0.0, 29.97]]","[[0.0, 29.902]]","[[23.1, 30.0]]"
RBEE_minus_official,public,official,rbee_seed2,240,8vsdnrrnWZA_190_250.wav,sea waves,-0.10403813095796188,"[[15.42, 22.874]]","[[15.0, 22.0]]","[[15.2, 23.1]]"
RBEE_minus_official,public,official,rbee_seed2,242,eyOPSZ9mFz0_210_260.wav,sheep bleating,-0.001091550264168517,"[[11.01, 20.874], [38.01, 39.01]]","[[10.902, 20.902], [37.957, 39.068]]","[[11.4, 13.6], [19.5, 20.5], [38.1, 39.2]]"
RBEE_minus_official,public,official,rbee_seed2,243,ND_r33yFG0Q_0_52.wav,singing choir,-0.0020639857663721506,"[[13.374, 51.965]]","[[13.3, 51.9]]","[[44.2, 52.0]]"
RBEE_minus_official,public,official,rbee_seed2,244,ND_r33yFG0Q_76_110.wav,singing choir,-0.0019999999999999463,"[[0.0, 33.97]]","[[0.0, 33.902]]","[[16.4, 18.4], [20.3, 22.1], [29.1, 34.0]]"
RBEE_minus_official,public,official,rbee_seed2,247,-1q1otOq9TU_285_315.wav,skidding,-0.030161524125077332,"[[13.01, 17.124]]","[[13.0, 17.0]]","[[13.3, 17.4]]"
RBEE_minus_official,public,official,rbee_seed2,251,udc_NPwrSK0_0_57.wav,tap dancing,-0.006273996764413203,"[[10.51, 17.92], [34.283, 56.965]]","[[10.65, 17.802], [34.5, 56.902]]","[[11.0, 18.3], [34.1, 39.0], [44.1, 50.0], [52.2, 56.4]]"
RBEE_minus_official,public,official,rbee_seed2,254,rEnBNeV5toY_0_92.wav,telephone bell ringing,-0.0010062951955257526,"[[14.01, 31.01]]","[[14.0, 31.0]]","[[18.2, 31.3]]"
RBEE_minus_official,public,official,rbee_seed2,255,7ZNOCgxSi5Y_11_71.wav,thunder,-0.0010156249999998535,"[[0.0, 12.013]]","[[0.0, 12.0]]","[[2.7, 12.8]]"
RBEE_minus_official,public,official,rbee_seed2,257,_Gg3M-GF9sE_3_63.wav,train horning,-0.07581755234837739,"[[48.013, 59.902]]","[[48.0, 59.0]]","[[48.4, 51.5], [54.0, 55.8], [57.6, 60.0]]"
RBEE_minus_official,public,official,rbee_seed2,260,4qgyGAJkvWY_0_20.wav,train wheels squealing,-0.016164931945556682,"[[15.004, 19.977]]","[[15.0, 19.9]]","[[15.2, 20.0]]"
RBEE_minus_official,public,official,rbee_seed2,261,HE13qoYreRU_90_160.wav,typing on computer keyboard,-0.017103172699327818,"[[8.235, 41.846], [45.01, 60.846]]","[[8.457, 41.0], [45.0, 59.0]]","[[8.4, 27.0], [44.9, 48.1], [55.8, 60.5]]"
RBEE_minus_official,public,official,rbee_seed2,262,s6twpD2TrzM_1200_1290.wav,typing on computer keyboard,-0.1295937629597142,"[[31.235, 63.013]]","[[30.874, 59.0]]","[[32.7, 36.8], [40.7, 41.8], [50.2, 63.4]]"
RBEE_minus_official,public,official,rbee_seed2,263,pzVspJzpwQ0_0_60.wav,vacuum cleaner cleaning floors,-0.03674044832933887,"[[11.513, 12.513], [23.013, 25.013], [33.013, 35.013], [43.957, 46.013]]","[[11.51, 12.51], [23.01, 25.01], [33.01, 35.01], [43.01, 46.01]]","[[0.6, 1.5], [23.2, 25.3], [44.1, 47.2]]"
RBEE_minus_official,public,official,rbee_seed2,264,pzVspJzpwQ0_60_120.wav,vacuum cleaner cleaning floors,-0.007393316598683031,"[[26.013, 29.013]]","[[26.0, 29.0]]","[[26.4, 29.2]]"
RBEE_minus_official,public,official,rbee_seed2,265,uhqVEpoQLJE_65_125.wav,vehicle honking,-0.0014140922069306727,"[[28.679, 31.124], [41.957, 43.957]]","[[28.65, 31.0], [41.9, 43.9]]","[[8.3, 9.5], [28.5, 31.2], [41.9, 43.8], [55.4, 60.0]]"
RBEE_minus_official,public,official,rbee_seed2,266,uhqVEpoQLJE_145_205.wav,vehicle honking,-0.0864052200606582,"[[3.457, 4.457], [24.902, 26.013], [38.235, 39.235]]","[[3.51, 4.51], [25.01, 26.01], [38.374, 39.374]]","[[3.4, 4.4], [25.0, 26.0], [38.2, 39.2]]"
RBEE_minus_official,public,official,rbee_seed2,268,eNUpTV9BGac_250_350.wav,water burbling,-0.4755905511811025,"[[6.124, 22.124], [49.374, 65.124]]","[[6.124, 22.701]]","[[49.9, 65.0]]"
RBEE_minus_official,public,official,rbee_seed2,269,eNUpTV9BGac_403_477.wav,wind noise,-0.003954600825979648,"[[43.957, 56.902]]","[[43.957, 56.957]]","[[44.3, 56.4]]"
RBEE_minus_official,public,official,rbee_seed2,270,eNUpTV9BGac_460_507.wav,wind noise,-0.009951992434586776,"[[17.957, 33.513]]","[[17.65, 33.65]]","[[18.0, 33.9]]"
RBEE_minus_official,public,official,rbee_seed2,271,NCi-VqerJlI_20_41.wav,woman speaking,-0.04849462365591406,"[[11.374, 14.374]]","[[11.457, 14.5]]","[[11.4, 14.2]]"
RBEE_minus_official,public,official,rbee_seed2,274,eoINKEFklgM_0_60.wav,bull bellowing,-0.06601665651025801,"[[0.0, 2.735]]","[[0.0, 2.5]]","[[1.0, 2.7]]"
RBEE_minus_official,public,official,rbee_seed2,278,s9d-2nhuJCQ_30_90.wav,people cheering,-0.0701145203832927,"[[0.0, 59.902]]","[[0.0, 1.0]]","[[3.1, 7.3]]"
RBEE_minus_official,public,official,rbee_seed2,280,2VjbDttFK44_490_550.wav,people laughing,-0.0681443173782259,"[[58.457, 59.457]]","[[58.51, 59.51]]","[[58.3, 59.1]]"
RBEE_minus_official,public,official,rbee_seed2,282,s9d-2nhuJCQ_30_90.wav,people whistling,-0.023345005836251452,"[[0.0, 59.97]]","[[0.0, 5.0]]","[[5.7, 6.5], [8.3, 8.9]]"
RBEE_minus_official,public,official,rbee_seed2,284,usoBcNXsN_8_90_150.wav,playing accordion,-0.0007671338657810889,"[[28.513, 35.013]]","[[28.51, 35.01]]","[[28.8, 31.2], [32.9, 35.1]]"
RBEE_minus_official,public,official,rbee_seed2,286,BJKYjXe6ACE_0_55.wav,playing acoustic guitar,-0.008921568627451082,"[[44.874, 54.965]]","[[44.802, 54.802]]","[[44.8, 55.0]]"
RBEE_minus_official,public,official,rbee_seed2,291,riCDOFyRIZ4_0_50.wav,playing bass guitar,-0.02999999999999986,"[[0.0, 4.013], [23.013, 25.402]]","[[0.0, 4.0], [23.0, 25.0]]","[[0.0, 4.5], [15.7, 18.2], [18.7, 21.2], [22.1, 26.0]]"
RBEE_minus_official,public,official,rbee_seed2,292,riCDOFyRIZ4_60_88.wav,playing bass guitar,-0.033075008314101706,"[[0.0, 4.124], [13.624, 16.457]]","[[0.0, 4.0], [13.5, 16.5]]","[[0.0, 4.8], [14.0, 16.0]]"
RBEE_minus_official,public,official,rbee_seed2,293,9JJWzpB7MmA_100_190.wav,playing bass guitar,-0.09695682944090545,"[[69.513, 72.013], [80.013, 83.013]]","[[70.0, 83.0]]","[[67.5, 72.9], [78.7, 83.2]]"
RBEE_minus_official,public,official,rbee_seed2,295,Jd0xfgwofkQ_220_280.wav,playing cello,-0.017222222222222028,"[[0.0, 7.124]]","[[0.0, 7.0]]","[[0.0, 7.2]]"
RBEE_minus_official,public,official,rbee_seed2,299,vqOmk5fQM68_260_320.wav,playing clarinet,-0.028508542658266633,"[[23.235, 32.624]]","[[23.51, 32.51]]","[[23.3, 27.2], [28.7, 32.8]]"
RBEE_minus_official,public,official,rbee_seed2,300,sHlOsAxGnY8_50_110.wav,playing cornet,-0.011551724137931041,"[[54.235, 59.902]]","[[54.302, 59.902]]","[[54.2, 60.0]]"
RBEE_minus_official,public,official,rbee_seed2,302,kyWcuQW-tII_0_68.wav,playing drum kit,-0.06932203389830494,"[[47.624, 53.374]]","[[47.659, 53.0]]","[[47.6, 53.5]]"
RBEE_minus_official,public,official,rbee_seed2,303,DuFX6MxDYPY_0_60.wav,playing electronic organ,-0.0016364053282188484,"[[46.01, 55.01]]","[[46.0, 55.0]]","[[46.4, 47.4], [48.5, 49.5], [51.1, 55.8]]"
RBEE_minus_official,public,official,rbee_seed2,304,DuFX6MxDYPY_120_180.wav,playing electronic organ,-0.022142004225222833,"[[21.965, 24.124], [39.965, 47.124], [51.124, 57.124]]","[[21.902, 24.01], [40.01, 47.01], [51.01, 57.01]]","[[21.4, 24.4], [39.3, 47.2], [51.1, 57.3]]"
RBEE_minus_official,public,official,rbee_seed2,305,LP4UObyZy6w_75_135.wav,playing electronic organ,-0.01781170483460537,"[[54.902, 59.902]]","[[55.0, 59.902]]","[[54.4, 56.4], [57.9, 59.0]]"
RBEE_minus_official,public,official,rbee_seed2,306,hNKFL02U8W4_120_180.wav,playing erhu,-0.054123433542112576,"[[29.957, 31.513], [50.902, 53.513]]","[[30.0, 34.0], [50.902, 53.5]]","[[30.2, 31.5], [33.2, 34.2], [51.0, 53.4]]"
RBEE_minus_official,public,official,rbee_seed2,308,hNKFL02U8W4_360_420.wav,playing erhu,-0.0002113997918525845,"[[30.445, 36.445], [44.238, 45.238], [48.01, 53.945]]","[[30.5, 36.5], [44.3, 49.3], [52.0, 53.0]]","[[30.6, 31.7], [34.9, 36.6], [44.5, 45.6], [48.3, 49.4], [52.3, 53.6]]"
RBEE_minus_official,public,official,rbee_seed2,312,hpvneTcHaEI_20_80.wav,playing harmonica,-0.06413778068454307,"[[1.01, 2.01], [10.01, 11.01], [17.01, 18.01], [23.965, 25.01], [33.01, 34.01], [46.965, 47.965]]","[[10.0, 11.0], [15.0, 16.0], [20.0, 21.0], [25.0, 26.0], [30.0, 31.0], [35.0, 36.0], [40.0, 41.0]]","[[33.0, 35.6]]"
RBEE_minus_official,public,official,rbee_seed2,314,agjYDv78kCs_10_70.wav,playing harmonica,-0.007165354330708751,"[[47.374, 59.965]]","[[47.402, 59.902]]","[[47.3, 50.8], [55.9, 60.0]]"
RBEE_minus_official,public,official,rbee_seed2,316,VW0H8b2OHSM_44_104.wav,playing harp,-0.0007379422824715376,"[[14.42, 21.056], [48.01, 59.965]]","[[14.457, 21.0], [48.0, 59.902]]","[[14.5, 15.9], [17.4, 21.4], [48.2, 49.6], [54.0, 56.4]]"
RBEE_minus_official,public,official,rbee_seed2,318,efCmmDDnT74_0_80.wav,playing piano,-0.0026856103266054143,"[[59.01, 65.01]]","[[59.0, 65.0]]","[[59.4, 65.8]]"
RBEE_minus_official,public,official,rbee_seed2,320,nVhgAtMUgBk_0_40.wav,playing saxophone,-0.028837209302325695,"[[0.0, 4.124]]","[[0.0, 4.0]]","[[0.0, 4.3]]"
RBEE_minus_official,public,official,rbee_seed2,322,IxffSFoVK78_240_300.wav,playing saxophone,-0.00705266471944066,"[[28.374, 33.013], [49.692, 54.013]]","[[28.374, 33.0], [49.65, 54.0]]","[[28.3, 33.2], [49.8, 54.1]]"
RBEE_minus_official,public,official,rbee_seed2,323,X5wA7DSspmc_10_70.wav,playing snare drum,-0.0191595665081703,"[[0.0, 6.374]]","[[0.0, 6.5]]","[[0.0, 6.3]]"
RBEE_minus_official,public,official,rbee_seed2,324,X5wA7DSspmc_70_130.wav,playing snare drum,-0.020698829297155386,"[[40.902, 43.013], [49.013, 50.902]]","[[40.902, 43.0], [49.0, 51.0]]","[[40.8, 43.2], [49.0, 50.9]]"
RBEE_minus_official,public,official,rbee_seed2,325,X5wA7DSspmc_150_210.wav,playing snare drum,-0.10701644027733037,"[[14.965, 19.013], [27.238, 30.192], [36.513, 40.374], [46.92, 49.013], [57.874, 60.0]]","[[14.957, 19.0], [27.457, 39.0]]","[[14.9, 19.0], [27.5, 30.5], [36.7, 40.2]]"
RBEE_minus_official,public,official,rbee_seed2,330,ZWeaikbm57M_280_340.wav,playing trombone,-0.02956798204099892,"[[21.01, 23.624], [25.957, 28.51], [31.957, 34.846]]","[[25.902, 34.874]]","[[32.1, 35.0]]"
RBEE_minus_official,public,official,rbee_seed2,331,Ymt3UbVPBm4_126_186.wav,playing trombone,-0.019935431799838532,"[[47.01, 51.01], [56.92, 58.92]]","[[47.402, 51.01], [55.874, 58.874]]","[[57.3, 58.6]]"
RBEE_minus_official,public,official,rbee_seed2,332,uDbZvKBd-sk_90_150.wav,playing trombone,-0.015555555555554879,"[[52.735, 56.124]]","[[52.791, 56.124]]","[[52.7, 56.3]]"
RBEE_minus_official,public,official,rbee_seed2,336,uvBbvPUfYfE_19_79.wav,playing ukulele,-0.06653819564660512,"[[15.92, 18.056], [36.01, 41.147], [49.965, 52.192], [59.283, 60.0]]","[[15.902, 18.01], [36.01, 41.01], [50.01, 52.01]]","[[16.1, 18.7], [36.2, 41.3], [50.1, 51.8], [59.2, 60.0]]"
RBEE_minus_official,public,official,rbee_seed2,337,uvBbvPUfYfE_120_180.wav,playing ukulele,-0.006540350486408275,"[[20.679, 22.346], [32.735, 34.013], [57.013, 58.013]]","[[20.75, 22.302], [32.75, 34.0], [52.75, 53.75]]","[[20.8, 22.8], [32.7, 35.3]]"
RBEE_minus_official,public,official,rbee_seed2,338,yqOuNOfLyUE_0_60.wav,playing ukulele,-0.005308846925365429,"[[35.624, 36.624], [44.624, 45.624], [47.624, 48.624], [51.624, 52.624]]","[[35.0, 36.0], [44.8, 45.8], [47.8, 48.8], [51.0, 52.0], [54.8, 55.8]]","[[35.4, 36.4], [39.4, 41.6], [44.9, 46.0], [47.8, 54.2]]"
RBEE_minus_official,public,official,rbee_seed2,339,28YVOGk5uGY_0_60.wav,playing violin,-0.002177337911532934,"[[0.0, 5.013], [46.013, 50.902]]","[[0.0, 5.0], [45.902, 50.902]]","[[46.2, 48.4]]"
RBEE_minus_official,public,official,rbee_seed2,340,28YVOGk5uGY_50_110.wav,playing violin,-0.0062705919863961235,"[[15.402, 18.957], [35.902, 41.513]]","[[15.5, 19.0], [35.3, 41.3]]","[[15.6, 19.2]]"
RBEE_minus_official,public,official,rbee_seed2,343,hnsC3mxVZf8_15_75.wav,playing zither,-0.026497018836648567,"[[38.01, 44.624]]","[[37.902, 44.51]]","[[38.4, 40.0], [40.6, 42.1], [43.4, 44.8]]"
RBEE_minus_official,public,official,rbee_seed2,346,5So_E6yPW40_0_40.wav,thunder,-0.03885714285714259,"[[9.874, 11.01]]","[[10.0, 11.0]]","[[9.8, 11.9], [26.9, 28.3]]"
RBEE_minus_official,public,official,rbee_seed2,347,DIkH3opVS8o_0_30.wav,thunder,-0.010294117647058898,"[[26.735, 29.97]]","[[26.701, 29.901]]","[[26.6, 30.0]]"
RBEE_minus_official,public,official,rbee_seed2,348,qiV8azj6bDY_360_420.wav,train horning,-0.06560974565724431,"[[50.457, 52.513]]","[[50.624, 52.51]]","[[50.0, 52.4]]"
RBEE_minus_official,public,official,rbee_seed2,349,qiV8azj6bDY_300_360.wav,train horning,-0.05586206896551693,"[[17.235, 19.624]]","[[17.283, 19.51]]","[[16.9, 19.8]]"
RBEE_minus_official,public,official,rbee_seed2,350,gUZOZP-sgng_310_370.wav,typing on computer keyboard,-0.01044068165182288,"[[13.945, 17.013], [27.238, 29.374]]","[[13.902, 17.01], [27.374, 29.374]]","[[27.3, 30.6]]"
RBEE_minus_official,public,official,rbee_seed2,352,QhlmKHbPFhU_0_40.wav,vacuum cleaner cleaning floors,-0.005927589544643119,"[[35.42, 39.965]]","[[35.457, 39.902]]","[[35.5, 40.0]]"
RBEE_minus_official,public,official,rbee_seed2,355,YScsKu7Txnw_164_224.wav,water burbling,-0.007391304347825811,"[[58.513, 59.957]]","[[58.51, 59.92]]","[[55.4, 60.0]]"
RBEE_minus_official,public,official,rbee_seed2,356,YScsKu7Txnw_251_311.wav,water burbling,-0.4104728967026715,"[[0.0, 5.902]]","[[0.0, 5.902], [19.0, 20.0], [31.0, 32.0], [38.5, 40.0], [42.5, 43.5]]","[[0.0, 5.6]]"
RBEE_minus_official,public,official,rbee_seed2,365,hTmjb9CtsTQ_0_58.wav,playing piano,-0.002625192362110229,"[[15.957, 27.013]]","[[15.902, 27.01]]","[[16.1, 17.6], [25.3, 26.8], [21.7, 23.7], [19.2, 20.4]]"
RBEE_minus_official,public,official,rbee_seed2,367,yBJWAmYDnIU_480_540.wav,playing flute,-0.05038864540815713,"[[22.874, 25.013], [46.013, 48.235]]","[[22.874, 25.0], [46.0, 48.0]]","[[22.9, 25.6], [46.3, 48.4]]"
RBEE_minus_official,public,official,rbee_seed2,369,Izf5sGMI1CY_0_40.wav,playing clarinet,-0.03061503872440502,"[[5.402, 7.013], [9.735, 16.235], [24.235, 29.735], [34.124, 36.624]]","[[5.5, 16.5], [24.3, 29.3], [34.3, 36.3]]","[[5.6, 6.9], [10.0, 11.4], [14.0, 16.0]]"
RBEE_minus_official,public,official,rbee_seed2,374,9EnPEkBCzeo_106_150.wav,hammering nails,-0.0016179987177450394,"[[40.624, 43.902]]","[[40.51, 43.965]]","[[19.3, 20.6], [41.0, 44.0]]"
RBEE_minus_official,public,official,rbee_seed2,375,T6B1r0-CYf0_70_160.wav,hammering nails,-0.01589274972757776,"[[16.013, 17.013], [38.235, 39.235], [58.235, 59.235], [81.457, 82.457]]","[[16.902, 17.902], [38.01, 39.01], [58.238, 59.238], [81.51, 82.51]]","[[81.4, 82.4]]"
RBEE_minus_official,public,official,rbee_seed2,377,B5Ban9347es_0_36.wav,beat boxing,-0.060272726792937825,"[[4.42, 8.013], [23.965, 27.013]]","[[4.51, 8.01], [23.374, 27.01]]","[[4.8, 8.2], [24.2, 27.0]]"
RBEE_minus_official,public,official,rbee_seed2,379,DmX_p990A0Y_206_246.wav,playing harmonica,-0.0010399999999999854,"[[0.0, 11.013]]","[[0.0, 11.0]]","[[7.7, 12.5]]"
RBEE_minus_official,public,official,rbee_seed2,381,pPNdzlgkG3M_50_110.wav,playing clarinet,-0.05666300768386345,"[[25.624, 27.957], [49.902, 52.124]]","[[25.65, 27.65], [49.902, 52.902]]","[[26.0, 27.3], [50.0, 51.6]]"
RBEE_minus_official,public,official,rbee_seed2,383,oXKgkoodS40_0_60.wav,playing trumpet,-0.016881373836964975,"[[34.374, 39.013]]","[[34.457, 39.0]]","[[34.3, 35.7]]"
RBEE_minus_official,public,official,rbee_seed2,385,ckHzSVkWpII_90_135.wav,playing cornet,-0.14502164502164472,"[[15.013, 16.624], [21.124, 23.013], [37.624, 41.124]]","[[15.0, 16.0], [21.0, 22.0], [37.7, 41.0]]","[[15.3, 16.4], [21.3, 22.8], [37.7, 41.1]]"
RBEE_minus_official,public,official,rbee_seed2,386,xyVFIPtOsm8_68_95.wav,playing synthesizer,-0.01806732178215198,"[[22.445, 26.945]]","[[22.402, 26.902]]","[[22.7, 27.0]]"
RBEE_minus_official,public,official,rbee_seed2,391,bY5zL4P3bR4_8_38.wav,people whispering,-0.029665985362187786,"[[12.004, 17.671], [20.504, 25.171]]","[[12.0, 17.5], [20.5, 25.0]]","[[12.2, 13.9], [15.2, 18.9], [20.6, 22.0], [23.3, 25.3]]"
RBEE_minus_official,public,official,rbee_seed2,392,bY5zL4P3bR4_80_118.wav,people whispering,-0.007472180188001776,"[[9.735, 12.624], [17.846, 18.846]]","[[9.701, 12.701], [17.801, 18.801]]","[[9.8, 12.9], [18.0, 19.1]]"
RBEE_minus_official,public,official,rbee_seed2,394,kKsT1xzVLDk_115_145.wav,people whispering,-0.002855970005460784,"[[11.97, 13.547], [19.278, 20.278]]","[[11.902, 13.5], [19.201, 20.201]]","[[0.0, 1.0], [12.0, 13.5], [19.1, 20.8]]"
RBEE_minus_official,public,official,rbee_seed2,396,QkDXn5QQ-kk_180_240.wav,playing volleyball,-0.07865150722293512,"[[16.874, 17.874], [23.124, 24.124]]","[[16.874, 17.874], [23.0, 24.0]]","[[16.7, 17.8], [23.5, 24.4]]"
RBEE_minus_official,public,official,rbee_seed2,398,zbWFCrbyMYQ_20_105.wav,people crowd,-0.020055739933739825,"[[0.0, 2.013], [29.902, 31.902], [39.013, 40.013], [56.013, 57.013], [76.402, 77.402]]","[[0.0, 2.0], [29.802, 31.802], [39.0, 40.0], [50.0, 51.0], [56.0, 57.0], [76.0, 77.0], [80.0, 81.0]]","[[1.4, 2.7], [29.5, 31.5], [48.7, 50.4], [76.3, 79.8]]"
RBEE_minus_official,public,official,rbee_seed2,399,WFjHILsPhh0_0_20.wav,driving buses,-0.13013398692810454,"[[0.0, 19.97]]","[[0.0, 11.5]]","[[2.2, 6.0], [16.2, 20.0]]"
SetPO_minus_RBEE,relation,rbee_seed0,setpo_seed0,3,esc_test_10000_v0.wav,"dog, and then crying baby",-0.04310833806012482,"[[15.5, 25.0]]","[[15.5, 25.5]]","[[14.75, 25.0]]"
SetPO_minus_RBEE,relation,rbee_seed0,setpo_seed0,28,esc_test_10003_v1.wav,chainsaw followed by thunderstorm,-0.031818181818181634,"[[17.65, 28.3]]","[[17.65, 28.65]]","[[17.65, 28.3]]"
SetPO_minus_RBEE,relation,rbee_seed0,setpo_seed0,38,esc_test_10004_v1.wav,"clapping, and then keyboard typing",-0.004672897196261738,"[[17.65, 28.3]]","[[17.65, 28.35]]","[[17.65, 28.3]]"
SetPO_minus_RBEE,relation,rbee_seed0,setpo_seed0,71,esc_test_10008_v1.wav,"vacuum cleaner, and then crying baby",-0.027145284621920118,"[[1.97, 12.67]]","[[1.97, 12.97]]","[[2.0, 12.65]]"
SetPO_minus_RBEE,relation,rbee_seed0,setpo_seed0,130,esc_test_10016_v0.wav,"chainsaw, and then dog",-0.00585365853658526,"[[1.65, 11.75]]","[[1.7, 11.74]]","[[1.5, 11.75]]"
SetPO_minus_RBEE,relation,rbee_seed0,setpo_seed0,149,esc_test_10018_v1.wav,vacuum cleaner followed by sea waves,-0.0012123335963777349,"[[1.97, 12.65]]","[[1.957, 12.65]]","[[2.0, 12.65]]"
SetPO_minus_RBEE,relation,rbee_seed0,setpo_seed0,159,esc_test_10019_v1.wav,"vacuum cleaner, and then chainsaw",-0.008083140877597983,"[[2.0, 12.65], [17.65, 28.3]]","[[2.0, 12.65], [17.65, 28.65]]","[[2.0, 12.65]]"
SetPO_minus_RBEE,relation,rbee_seed0,setpo_seed0,196,esc_test_10024_v1.wav,clapping followed by crying baby,-0.01338500209467941,"[[17.65, 28.5]]","[[17.65, 28.65]]","[[17.65, 28.3]]"
SetPO_minus_RBEE,relation,rbee_seed0,setpo_seed0,198,esc_test_10024_v1.wav,"clapping, and then crying baby",-0.01338500209467941,"[[17.65, 28.5]]","[[17.65, 28.65]]","[[17.65, 28.3]]"
SetPO_minus_RBEE,relation,rbee_seed0,setpo_seed0,206,esc_test_10025_v1.wav,"dog, and then thunderstorm",-0.0046948356807512415,"[[17.75, 28.3]]","[[17.75, 28.25]]","[[17.65, 28.3]]"
SetPO_minus_RBEE,relation,rbee_seed0,setpo_seed0,212,esc_test_10026_v1.wav,sea waves followed by thunderstorm,-0.39308773262438285,"[[1.97, 28.0]]","[[1.97, 7.0]]","[[17.65, 28.3]]"
SetPO_minus_RBEE,relation,rbee_seed0,setpo_seed0,222,esc_test_10027_v1.wav,"keyboard typing, and then rooster",-0.04474119728357029,"[[7.65, 11.85], [17.65, 21.85], [23.25, 25.0]]","[[7.65, 25.0]]","[[17.65, 28.3]]"
SetPO_minus_RBEE,relation,rbee_seed0,setpo_seed0,249,esc_test_10031_v0.wav,sea waves followed by keyboard typing,-0.4878048780487805,"[[14.75, 24.75]]","[[19.75, 24.75]]","[[14.75, 25.0]]"
SetPO_minus_RBEE,relation,rbee_seed0,setpo_seed0,254,esc_test_10031_v1.wav,"keyboard typing, and then sea waves",-0.031818181818181634,"[[17.65, 28.3]]","[[17.65, 28.65]]","[[17.65, 28.3]]"
SetPO_minus_RBEE,relation,rbee_seed0,setpo_seed0,292,esc_test_10036_v1.wav,dog followed by keyboard typing,-0.0036491677336745187,"[[17.65, 28.0]]","[[17.65, 28.65]]","[[17.65, 28.3]]"
SetPO_minus_RBEE,relation,rbee_seed0,setpo_seed0,301,esc_test_10037_v1.wav,sea waves followed by chainsaw,-0.0006515748358391082,"[[1.957, 12.65]]","[[1.95, 12.65]]","[[2.0, 12.65]]"
SetPO_minus_RBEE,relation,rbee_seed0,setpo_seed0,303,esc_test_10037_v1.wav,"sea waves, and then chainsaw",-0.0006515748358391082,"[[1.957, 12.65]]","[[1.95, 12.65]]","[[2.0, 12.65]]"
SetPO_minus_RBEE,relation,rbee_seed1,setpo_seed1,12,esc_test_10001_v1.wav,crying baby followed by keyboard typing,-0.4935230508386558,"[[17.679, 28.679]]","[[17.67, 22.67]]","[[17.65, 28.3]]"
SetPO_minus_RBEE,relation,rbee_seed1,setpo_seed1,102,esc_test_10012_v1.wav,"fireworks, and then rooster",-0.007263922518159771,"[[7.65, 26.15]]","[[7.65, 26.0]]","[[17.65, 28.3]]"
SetPO_minus_RBEE,relation,rbee_seed1,setpo_seed1,111,esc_test_10013_v1.wav,"clapping, and then chainsaw",-0.5071428571428571,"[[2.0, 23.0]]","[[22.3, 23.3]]","[[2.0, 12.65]]"
SetPO_minus_RBEE,relation,rbee_seed1,setpo_seed1,215,esc_test_10026_v1.wav,"thunderstorm, and then sea waves",-0.001863908432216732,"[[1.97, 12.65]]","[[1.97, 12.67]]","[[2.0, 12.65]]"
SetPO_minus_RBEE,relation,rbee_seed1,setpo_seed1,303,esc_test_10037_v1.wav,"sea waves, and then chainsaw",-0.0006515748358391082,"[[1.957, 12.65]]","[[1.95, 12.65]]","[[2.0, 12.65]]"
SetPO_minus_RBEE,relation,rbee_seed1,setpo_seed1,304,esc_test_10038_v0.wav,fireworks followed by keyboard typing,-1.0,"[[1.5, 11.75]]","[[14.75, 19.75]]","[[1.5, 11.75]]"
SetPO_minus_RBEE,relation,rbee_seed2,setpo_seed2,12,esc_test_10001_v1.wav,crying baby followed by keyboard typing,-0.0046948356807512415,"[[17.67, 22.67]]","[[17.7, 22.65]]","[[17.65, 28.3]]"
SetPO_minus_RBEE,relation,rbee_seed2,setpo_seed2,14,esc_test_10001_v1.wav,"crying baby, and then keyboard typing",-0.0046948356807512415,"[[17.692, 22.692]]","[[17.7, 22.65]]","[[17.65, 28.3]]"
SetPO_minus_RBEE,relation,rbee_seed2,setpo_seed2,109,esc_test_10013_v1.wav,clapping followed by chainsaw,-0.5071428571428571,"[[2.0, 23.0]]","[[23.3, 28.3]]","[[2.0, 12.65]]"
SetPO_minus_RBEE,relation,rbee_seed2,setpo_seed2,156,esc_test_10019_v1.wav,chainsaw followed by vacuum cleaner,-0.00023029886882530715,"[[1.97, 28.3]]","[[1.957, 28.302]]","[[17.65, 28.3]]"
SetPO_minus_RBEE,relation,rbee_seed2,setpo_seed2,222,esc_test_10027_v1.wav,"keyboard typing, and then rooster",-0.10073446327683616,"[[7.65, 12.0], [17.65, 24.5]]","[[7.65, 25.0]]","[[17.65, 28.3]]"
SetPO_minus_RBEE,relation,rbee_seed2,setpo_seed2,297,esc_test_10037_v0.wav,sea waves followed by chainsaw,-0.046511627906976716,"[[14.75, 25.0]]","[[14.75, 25.5]]","[[14.75, 25.0]]"
SetPO_minus_RBEE,relation,rbee_seed2,setpo_seed2,299,esc_test_10037_v0.wav,"sea waves, and then chainsaw",-0.046511627906976716,"[[14.75, 25.0]]","[[14.75, 25.5]]","[[14.75, 25.0]]"
SetPO_minus_RBEE,relation,rbee_seed2,setpo_seed2,303,esc_test_10037_v1.wav,"sea waves, and then chainsaw",-0.0006515748358391082,"[[1.957, 12.65]]","[[1.95, 12.65]]","[[2.0, 12.65]]"
SetPO_minus_RBEE,relation,rbee_seed2,setpo_seed2,305,esc_test_10038_v0.wav,keyboard typing followed by fireworks,-0.32786885245901637,"[[6.75, 11.75], [14.75, 19.75]]","[[6.75, 11.75]]","[[14.75, 25.0]]"
SetPO_minus_RBEE,public,rbee_seed0,setpo_seed0,2,fTcSVQJ2h8g_0_90.wav,police car siren,-0.09153840764525145,"[[59.01, 66.01]]","[[58.735, 66.513]]","[[59.0, 65.6]]"
SetPO_minus_RBEE,public,rbee_seed0,setpo_seed0,10,_jcVnmRQD_U_90_150.wav,people whistling,-0.27808713846984456,"[[40.957, 42.51]]","[[41.0, 42.0]]","[[41.0, 42.7]]"
SetPO_minus_RBEE,public,rbee_seed0,setpo_seed0,15,CHkE7YL08Zo_0_45.wav,people sneezing,-0.039950062421972576,"[[21.302, 22.302], [25.0, 26.0], [34.902, 35.902]]","[[21.3, 22.3], [25.3, 26.3], [35.0, 36.0]]","[[21.1, 21.9], [34.9, 35.5]]"
SetPO_minus_RBEE,public,rbee_seed0,setpo_seed0,21,5VElNpaNPoo_0_60.wav,baby babbling,-0.1266666666666666,"[[41.51, 44.01]]","[[41.51, 44.51]]","[[42.0, 43.9]]"
SetPO_minus_RBEE,public,rbee_seed0,setpo_seed0,53,A2NtJ12KIuU_0_40.wav,people crowd,-0.12788888888888886,"[[22.0, 39.902]]","[[22.0, 30.0]]","[[37.6, 40.0]]"
SetPO_minus_RBEE,public,rbee_seed0,setpo_seed0,59,WChnH2EJr_8_0_30.wav,people burping,-0.005117215403597636,"[[4.0, 8.7], [18.8, 28.7]]","[[3.601, 8.701], [18.801, 28.701]]","[[25.7, 29.1]]"
SetPO_minus_RBEE,public,rbee_seed0,setpo_seed0,72,KwwcpaxWT5E_0_35.wav,chainsawing trees,-0.01462081963975076,"[[7.302, 27.802]]","[[7.302, 27.5]]","[[24.7, 27.8]]"
SetPO_minus_RBEE,public,rbee_seed0,setpo_seed0,78,nxvoVBUYCeY_0_62.wav,airplane flyby,-0.0023239786445835575,"[[52.124, 61.902]]","[[52.101, 61.965]]","[[51.8, 59.6]]"
SetPO_minus_RBEE,public,rbee_seed0,setpo_seed0,80,VQc-haIJXSM_437_460.wav,ambulance siren,-0.031168831168831068,"[[12.0, 14.8]]","[[12.0, 15.0]]","[[11.5, 13.8]]"
SetPO_minus_RBEE,public,rbee_seed0,setpo_seed0,87,aISXCw0Pi94_175_235.wav,baby laughter,-0.06280219780219942,"[[45.0, 46.0], [53.701, 55.0]]","[[45.0, 46.0], [53.5, 55.0]]","[[45.0, 46.1], [53.7, 55.2]]"
SetPO_minus_RBEE,public,rbee_seed0,setpo_seed0,95,sXSDR4qLkuQ_120_180.wav,bull bellowing,-0.11041911130336265,"[[57.51, 59.965]]","[[57.51, 59.01]]","[[31.6, 36.1], [47.0, 48.0], [57.6, 59.9]]"
SetPO_minus_RBEE,public,rbee_seed0,setpo_seed0,102,3mTd8ZTG_cc_305_365.wav,chainsawing trees,-0.020439535163908396,"[[0.0, 3.0], [14.457, 24.5]]","[[0.0, 3.0], [13.0, 24.0]]","[[16.6, 18.2], [20.4, 22.7]]"
SetPO_minus_RBEE,public,rbee_seed0,setpo_seed0,110,hZfIwRPjkvM_30_90.wav,dog howling,-0.010169491525424124,"[[42.402, 59.902]]","[[42.302, 44.0], [55.0, 59.902]]","[[42.3, 44.7], [51.4, 60.0]]"
SetPO_minus_RBEE,public,rbee_seed0,setpo_seed0,119,RyUAFrXu5ng_80_140.wav,fire truck siren,-0.03136522143887388,"[[32.902, 59.902]]","[[32.957, 59.0]]","[[33.4, 60.0]]"
SetPO_minus_RBEE,public,rbee_seed0,setpo_seed0,122,_qsWAzHnwQ0_150_210.wav,fireworks banging,-0.01027348003862838,"[[3.957, 20.0], [27.374, 59.0]]","[[3.957, 20.0], [27.374, 58.5]]","[[4.2, 19.7], [32.7, 60.0]]"
SetPO_minus_RBEE,public,rbee_seed0,setpo_seed0,125,vGIs0GU1V6M_0_60.wav,hair dryer drying,-0.006748155090003732,"[[51.51, 56.01]]","[[51.5, 55.5]]","[[17.9, 24.3], [34.9, 36.7], [44.6, 49.2], [51.4, 55.7]]"
SetPO_minus_RBEE,public,rbee_seed0,setpo_seed0,131,OZVfvDBbwdI_556_587.wav,kid speaking,-0.002339995730898603,"[[5.701, 17.624], [21.624, 26.402]]","[[5.701, 17.701], [21.601, 26.401]]","[[9.3, 17.5], [21.5, 26.7], [5.6, 6.7]]"
SetPO_minus_RBEE,public,rbee_seed0,setpo_seed0,132,OZVfvDBbwdI_1020_1060.wav,kid speaking,-0.005779749524856714,"[[0.0, 3.124], [30.291, 33.0], [35.874, 37.0]]","[[0.0, 3.124], [30.291, 33.0], [35.817, 37.0]]","[[0.0, 3.2], [30.3, 34.1], [35.9, 37.1]]"
SetPO_minus_RBEE,public,rbee_seed0,setpo_seed0,135,OMkEVX23BdM_0_31.wav,lions roaring,-0.0002548813745106848,"[[19.235, 27.513]]","[[19.25, 27.5]]","[[19.4, 23.6], [24.4, 29.9]]"
SetPO_minus_RBEE,public,rbee_seed0,setpo_seed0,147,LMKxK3ZHLMY_0_30.wav,people burping,-0.01967806133414457,"[[3.855, 4.855], [12.355, 13.355], [26.902, 27.902]]","[[3.902, 4.902], [12.302, 13.302], [26.902, 27.902]]","[[3.6, 4.3], [12.4, 12.8], [27.0, 27.4]]"
SetPO_minus_RBEE,public,rbee_seed0,setpo_seed0,148,LMKxK3ZHLMY_30_60.wav,people burping,-0.043896913055790215,"[[1.701, 2.701], [6.624, 7.624], [15.701, 16.701], [28.5, 29.5]]","[[1.701, 2.701], [6.624, 7.624], [15.624, 16.624]]","[[6.5, 6.9], [15.7, 16.0], [28.6, 28.9]]"
SetPO_minus_RBEE,public,rbee_seed0,setpo_seed0,149,l22_mm7qDoI_0_60.wav,people cheering,-0.03158936596973638,"[[36.902, 39.51], [48.51, 51.51]]","[[36.735, 39.0], [48.5, 51.5]]","[[10.0, 20.0], [37.2, 41.0], [48.7, 52.3]]"
SetPO_minus_RBEE,public,rbee_seed0,setpo_seed0,151,aISXCw0Pi94_33_93.wav,people clapping,-0.2641666666666668,"[[27.0, 29.0], [34.902, 36.902]]","[[27.0, 28.0], [34.902, 36.0]]","[[26.3, 29.9], [34.6, 38.2]]"
SetPO_minus_RBEE,public,rbee_seed0,setpo_seed0,160,kw6sagBOLw0_0_57.wav,people nose blowing,-0.018976843786295217,"[[4.302, 8.0], [11.702, 12.702], [36.902, 38.0], [46.902, 49.0]]","[[4.5, 8.0], [11.75, 12.75], [36.9, 38.0], [46.9, 49.0]]","[[1.7, 7.6]]"
SetPO_minus_RBEE,public,rbee_seed0,setpo_seed0,175,k-dhOJF2MuY_280_325.wav,people whispering,-0.1183019965542054,"[[1.601, 2.601], [11.701, 23.5], [27.3, 29.0], [30.8, 34.5], [36.901, 39.5], [41.201, 44.901]]","[[1.601, 2.601], [11.701, 12.701], [14.601, 15.601], [19.0, 21.0], [22.201, 23.201], [27.3, 28.3], [30.701, 34.7]]","[[14.9, 23.7]]"
SetPO_minus_RBEE,public,rbee_seed0,setpo_seed0,176,XKfTTHqbk-4_0_43.wav,people whistling,-0.01727272727272744,"[[13.201, 14.201], [25.5, 26.5], [39.124, 41.5]]","[[13.3, 14.3], [25.6, 26.6], [39.2, 41.5]]","[[13.3, 14.2], [25.7, 26.4], [39.1, 40.0], [40.9, 41.4]]"
SetPO_minus_RBEE,public,rbee_seed0,setpo_seed0,180,BBz-Jyr23M4_387_447.wav,playing acoustic guitar,-0.020703913392164708,"[[34.802, 36.0], [44.702, 48.0]]","[[34.802, 36.0], [44.5, 48.0]]","[[44.7, 49.0]]"
SetPO_minus_RBEE,public,rbee_seed0,setpo_seed0,188,-ds37ADTopw_4_82.wav,playing cello,-0.00032476657058422287,"[[8.659, 35.0]]","[[8.65, 35.0]]","[[8.8, 35.6]]"
SetPO_minus_RBEE,public,rbee_seed0,setpo_seed0,198,kA59yNSvfa8_122_182.wav,playing erhu,-0.030493806771263232,"[[15.402, 27.51]]","[[15.0, 27.5]]","[[15.4, 27.3]]"
SetPO_minus_RBEE,public,rbee_seed0,setpo_seed0,218,r1KRhB4QeCg_81_91.wav,playing tennis,-0.07382158161277741,"[[1.58, 2.2], [5.0, 5.6], [7.4, 8.0], [8.3, 8.9], [9.5, 10.0]]","[[1.5, 2.5], [5.0, 5.5], [7.4, 8.0], [8.3, 8.9], [9.5, 10.0]]","[[1.8, 2.1], [5.1, 5.7], [8.3, 8.7]]"
SetPO_minus_RBEE,public,rbee_seed0,setpo_seed0,220,TflgyCIZEYM_131_170.wav,playing trombone,-0.017456773264933112,"[[15.588, 20.0]]","[[15.5, 20.0]]","[[15.7, 20.2]]"
SetPO_minus_RBEE,public,rbee_seed0,setpo_seed0,248,-1q1otOq9TU_315_345.wav,skidding,-0.0031575906750519467,"[[11.179, 20.0]]","[[11.15, 20.0]]","[[11.4, 19.9]]"
SetPO_minus_RBEE,public,rbee_seed0,setpo_seed0,257,_Gg3M-GF9sE_3_63.wav,train horning,-0.07499999999999984,"[[48.0, 59.9]]","[[48.0, 59.0]]","[[48.4, 51.5], [54.0, 55.8], [57.6, 60.0]]"
SetPO_minus_RBEE,public,rbee_seed0,setpo_seed0,288,WN4IoK7ecAU_300_380.wav,playing acoustic guitar,-0.008295208332912807,"[[32.51, 46.01], [48.965, 50.01], [53.01, 55.01], [58.01, 60.01], [63.01, 65.01], [67.965, 70.01]]","[[32.51, 46.01], [48.965, 50.01], [53.51, 55.01], [58.51, 60.01], [63.51, 65.01], [67.51, 69.01], [72.51, 75.0]]","[[33.1, 36.0], [38.1, 41.6], [42.6, 45.9]]"
SetPO_minus_RBEE,public,rbee_seed0,setpo_seed0,289,ZGYN5mMXpFM_0_25.wav,playing banjo,-0.00037692597635341496,"[[1.902, 7.0]]","[[1.9, 7.0]]","[[2.1, 7.0]]"
SetPO_minus_RBEE,public,rbee_seed0,setpo_seed0,294,Jd0xfgwofkQ_140_220.wav,playing cello,-0.01824847345486824,"[[72.874, 79.965]]","[[72.802, 79.902]]","[[73.2, 80.0]]"
SetPO_minus_RBEE,public,rbee_seed0,setpo_seed0,296,28YVOGk5uGY_10_70.wav,playing cello,-0.011666666666666659,"[[36.51, 41.01], [55.51, 58.51]]","[[36.5, 41.5], [55.5, 58.5]]","[[39.2, 40.6]]"
SetPO_minus_RBEE,public,rbee_seed0,setpo_seed0,298,vqOmk5fQM68_190_240.wav,playing clarinet,-0.023097725879229314,"[[23.701, 25.0], [39.601, 40.601], [48.5, 49.5]]","[[23.75, 25.0], [39.624, 40.624], [48.5, 49.5]]","[[23.6, 24.9], [39.6, 40.5], [48.9, 49.9]]"
SetPO_minus_RBEE,public,rbee_seed0,setpo_seed0,306,hNKFL02U8W4_120_180.wav,playing erhu,-0.14913173858500428,"[[29.902, 31.51], [50.902, 53.51]]","[[30.0, 31.0], [50.902, 53.0]]","[[30.2, 31.5], [33.2, 34.2], [51.0, 53.4]]"
SetPO_minus_RBEE,public,rbee_seed0,setpo_seed0,308,hNKFL02U8W4_360_420.wav,playing erhu,-0.016991963260619913,"[[30.5, 36.8], [44.3, 45.3], [48.0, 53.8]]","[[30.5, 36.8], [44.3, 49.3], [52.0, 53.0]]","[[30.6, 31.7], [34.9, 36.6], [44.5, 45.6], [48.3, 49.4], [52.3, 53.6]]"
SetPO_minus_RBEE,public,rbee_seed0,setpo_seed0,327,txKxk6S4IvQ_15_75.wav,playing tabla,-0.021588238830174578,"[[0.0, 3.0], [29.65, 35.0], [41.701, 44.0], [52.701, 53.701], [59.201, 60.0]]","[[0.0, 3.0], [29.65, 35.0], [41.65, 44.0], [52.75, 53.75], [59.5, 60.0]]","[[0.0, 3.4], [42.0, 43.8], [52.6, 55.6], [59.2, 60.0]]"
SetPO_minus_RBEE,public,rbee_seed0,setpo_seed0,336,uvBbvPUfYfE_19_79.wav,playing ukulele,-0.008189991501727167,"[[15.957, 18.009], [36.009, 41.009], [50.009, 52.009]]","[[15.874, 18.0], [36.0, 41.0], [50.0, 52.0]]","[[16.1, 18.7], [36.2, 41.3], [50.1, 51.8], [59.2, 60.0]]"
SetPO_minus_RBEE,public,rbee_seed0,setpo_seed0,337,uvBbvPUfYfE_120_180.wav,playing ukulele,-0.12353982300884969,"[[20.75, 22.5], [32.75, 34.5], [52.75, 53.75]]","[[20.75, 22.302], [32.75, 34.0], [52.75, 53.75]]","[[20.8, 22.8], [32.7, 35.3]]"
SetPO_minus_RBEE,public,rbee_seed0,setpo_seed0,338,yqOuNOfLyUE_0_60.wav,playing ukulele,-0.03244248519079729,"[[35.5, 36.5], [44.8, 45.8], [47.8, 48.8], [51.1, 52.1], [54.5, 55.5]]","[[35.0, 36.0], [44.8, 45.8], [47.8, 48.8], [51.0, 52.0], [54.8, 55.8]]","[[35.4, 36.4], [39.4, 41.6], [44.9, 46.0], [47.8, 54.2]]"
SetPO_minus_RBEE,public,rbee_seed0,setpo_seed0,340,28YVOGk5uGY_50_110.wav,playing violin,-0.04123711340206171,"[[15.5, 18.9], [35.3, 41.3]]","[[15.5, 18.5], [35.3, 41.3]]","[[15.6, 19.2]]"
SetPO_minus_RBEE,public,rbee_seed0,setpo_seed0,341,awNdAWg1oik_130_190.wav,playing zither,-0.0006896551724136502,"[[28.402, 42.01]]","[[28.402, 42.0]]","[[28.4, 30.5], [37.1, 42.9]]"
SetPO_minus_RBEE,public,rbee_seed0,setpo_seed0,342,awNdAWg1oik_230_290.wav,playing zither,-0.06999999999999951,"[[10.101, 12.51], [46.01, 48.51]]","[[10.15, 12.5], [46.0, 48.0]]","[[9.9, 12.4], [46.1, 48.4]]"
SetPO_minus_RBEE,public,rbee_seed0,setpo_seed0,347,DIkH3opVS8o_0_30.wav,thunder,-0.014705882352941457,"[[26.701, 29.901]]","[[26.75, 29.9]]","[[26.6, 30.0]]"
SetPO_minus_RBEE,public,rbee_seed0,setpo_seed0,348,qiV8azj6bDY_360_420.wav,train horning,-0.013944223107568376,"[[50.624, 52.51]]","[[50.659, 52.51]]","[[50.0, 52.4]]"
SetPO_minus_RBEE,public,rbee_seed0,setpo_seed0,356,YScsKu7Txnw_251_311.wav,water burbling,-0.41354269621567064,"[[0.0, 5.874]]","[[0.0, 5.874], [19.0, 20.0], [31.0, 32.0], [38.5, 40.0], [42.5, 43.5]]","[[0.0, 5.6]]"
SetPO_minus_RBEE,public,rbee_seed0,setpo_seed0,360,MVqxKEaQHM0_148_208.wav,playing ukulele,-0.0031022551008226262,"[[44.51, 46.01], [49.51, 50.51], [53.51, 54.51], [59.01, 60.0]]","[[44.5, 46.0], [49.5, 50.5], [53.5, 54.5], [59.0, 60.0]]","[[44.6, 46.2], [56.6, 57.7], [59.1, 60.0]]"
SetPO_minus_RBEE,public,rbee_seed0,setpo_seed0,372,GDE8R51FqJw_145_190.wav,hammering nails,-0.030670294335889303,"[[4.457, 6.0], [12.5, 14.5]]","[[4.457, 6.0], [12.624, 14.5]]","[[4.5, 6.4], [12.5, 14.6]]"
SetPO_minus_RBEE,public,rbee_seed0,setpo_seed0,381,pPNdzlgkG3M_50_110.wav,playing clarinet,-0.10267419962335267,"[[25.65, 27.65], [49.902, 52.15]]","[[25.65, 27.65], [49.902, 52.902]]","[[26.0, 27.3], [50.0, 51.6]]"
SetPO_minus_RBEE,public,rbee_seed0,setpo_seed0,385,ckHzSVkWpII_90_135.wav,playing cornet,-0.08776017749811404,"[[15.231, 16.231], [21.231, 23.0], [37.731, 41.231]]","[[15.0, 16.0], [21.0, 23.0], [37.7, 41.0]]","[[15.3, 16.4], [21.3, 22.8], [37.7, 41.1]]"
SetPO_minus_RBEE,public,rbee_seed0,setpo_seed0,390,Eq7Ll9ok-Hw_120_180.wav,people eating,-0.0017404670627226837,"[[35.735, 41.0], [48.0, 50.0], [57.0, 59.0]]","[[35.701, 41.0], [48.0, 50.0], [57.0, 59.0]]","[[36.3, 41.3]]"
SetPO_minus_RBEE,public,rbee_seed1,setpo_seed1,12,THhP1idrWXA_0_60.wav,people coughing,-0.06863636363636161,"[[37.874, 40.0]]","[[37.802, 38.802]]","[[37.8, 39.4]]"
SetPO_minus_RBEE,public,rbee_seed1,setpo_seed1,21,5VElNpaNPoo_0_60.wav,baby babbling,-0.1266666666666666,"[[41.51, 44.01]]","[[41.51, 44.51]]","[[42.0, 43.9]]"
SetPO_minus_RBEE,public,rbee_seed1,setpo_seed1,32,gBWmcmIfN98_0_60.wav,people clapping,-0.04057572915971308,"[[3.735, 5.902]]","[[3.874, 5.874]]","[[3.7, 5.7], [24.2, 25.0]]"
SetPO_minus_RBEE,public,rbee_seed1,setpo_seed1,35,HShbaC9ORSo_366_426.wav,driving motorcycle,-0.007349481096011967,"[[50.874, 59.0]]","[[50.802, 59.0]]","[[51.0, 57.8]]"
SetPO_minus_RBEE,public,rbee_seed1,setpo_seed1,55,ZBaYrfz5afo_300_330.wav,thunder,-0.03754166666666714,"[[11.302, 14.5]]","[[11.302, 14.0]]","[[11.3, 14.3]]"
SetPO_minus_RBEE,public,rbee_seed1,setpo_seed1,69,0PHUQku2P5I_50_95.wav,singing choir,-0.035,"[[0.0, 10.0]]","[[0.0, 12.0]]","[[2.2, 4.3]]"
SetPO_minus_RBEE,public,rbee_seed1,setpo_seed1,74,QBMDnMRwQCc_30_90.wav,helicopter,-0.00013070008167545555,"[[44.659, 57.51]]","[[44.65, 57.51]]","[[44.9, 47.3]]"
SetPO_minus_RBEE,public,rbee_seed1,setpo_seed1,80,VQc-haIJXSM_437_460.wav,ambulance siren,-0.031168831168831068,"[[12.0, 14.8]]","[[12.0, 15.0]]","[[11.5, 13.8]]"
SetPO_minus_RBEE,public,rbee_seed1,setpo_seed1,87,aISXCw0Pi94_175_235.wav,baby laughter,-0.06280219780219942,"[[45.0, 46.0], [53.701, 55.0]]","[[45.0, 46.0], [53.5, 55.0]]","[[45.0, 46.1], [53.7, 55.2]]"
SetPO_minus_RBEE,public,rbee_seed1,setpo_seed1,95,sXSDR4qLkuQ_120_180.wav,bull bellowing,-0.11041911130336265,"[[57.51, 59.965]]","[[57.51, 59.01]]","[[31.6, 36.1], [47.0, 48.0], [57.6, 59.9]]"
SetPO_minus_RBEE,public,rbee_seed1,setpo_seed1,100,LVp7zH3yCi0_60_120.wav,cat meowing,-0.02732660228270456,"[[29.65, 33.0], [45.4, 46.4], [54.7, 55.7], [58.3, 59.3]]","[[29.65, 33.0], [45.45, 46.45], [54.75, 55.75], [58.3, 59.3]]","[[29.5, 33.0], [45.4, 46.2], [54.6, 55.6], [58.2, 59.0]]"
SetPO_minus_RBEE,public,rbee_seed1,setpo_seed1,110,hZfIwRPjkvM_30_90.wav,dog howling,-0.11581920903954857,"[[42.302, 59.902]]","[[42.402, 44.0], [56.0, 59.902]]","[[42.3, 44.7], [51.4, 60.0]]"
SetPO_minus_RBEE,public,rbee_seed1,setpo_seed1,119,RyUAFrXu5ng_80_140.wav,fire truck siren,-0.03328658941619311,"[[32.902, 59.902]]","[[32.902, 59.0]]","[[33.4, 60.0]]"
SetPO_minus_RBEE,public,rbee_seed1,setpo_seed1,125,vGIs0GU1V6M_0_60.wav,hair dryer drying,-0.007371822395994071,"[[51.51, 55.965]]","[[51.5, 55.5]]","[[17.9, 24.3], [34.9, 36.7], [44.6, 49.2], [51.4, 55.7]]"
SetPO_minus_RBEE,public,rbee_seed1,setpo_seed1,131,OZVfvDBbwdI_556_587.wav,kid speaking,-0.002339995730898603,"[[5.701, 17.624], [21.624, 26.402]]","[[5.701, 17.701], [21.601, 26.401]]","[[9.3, 17.5], [21.5, 26.7], [5.6, 6.7]]"
SetPO_minus_RBEE,public,rbee_seed1,setpo_seed1,135,OMkEVX23BdM_0_31.wav,lions roaring,-0.0024594663319918997,"[[19.235, 27.513]]","[[19.201, 27.51]]","[[19.4, 23.6], [24.4, 29.9]]"
SetPO_minus_RBEE,public,rbee_seed1,setpo_seed1,149,l22_mm7qDoI_0_60.wav,people cheering,-0.0003834876269227516,"[[36.902, 39.513], [48.513, 51.513]]","[[36.902, 39.51], [48.51, 51.51]]","[[10.0, 20.0], [37.2, 41.0], [48.7, 52.3]]"
SetPO_minus_RBEE,public,rbee_seed1,setpo_seed1,150,l22_mm7qDoI_79_139.wav,people cheering,-0.001629577533740878,"[[7.235, 13.513], [28.457, 31.402]]","[[7.235, 13.624], [28.346, 31.346]]","[[7.4, 13.6], [29.1, 40.6]]"
SetPO_minus_RBEE,public,rbee_seed1,setpo_seed1,160,kw6sagBOLw0_0_57.wav,people nose blowing,-0.02857142857142858,"[[4.0, 8.0], [11.75, 12.75], [36.9, 38.0], [46.9, 49.0]]","[[4.3, 8.0], [11.7, 12.7], [36.9, 38.0], [46.9, 49.0]]","[[1.7, 7.6]]"
SetPO_minus_RBEE,public,rbee_seed1,setpo_seed1,175,k-dhOJF2MuY_280_325.wav,people whispering,-0.0030241935483872884,"[[1.5, 2.5], [11.7, 23.5], [27.3, 29.0], [30.7, 34.5], [36.9, 39.5], [41.2, 44.9]]","[[1.601, 2.601], [11.701, 23.701], [27.301, 29.301], [30.801, 34.801], [36.901, 39.801], [41.201, 44.901]]","[[14.9, 23.7]]"
SetPO_minus_RBEE,public,rbee_seed1,setpo_seed1,176,XKfTTHqbk-4_0_43.wav,people whistling,-0.01727272727272744,"[[13.201, 14.201], [25.5, 26.5], [39.124, 41.5]]","[[13.3, 14.3], [25.6, 26.6], [39.2, 41.5]]","[[13.3, 14.2], [25.7, 26.4], [39.1, 40.0], [40.9, 41.4]]"
SetPO_minus_RBEE,public,rbee_seed1,setpo_seed1,180,BBz-Jyr23M4_387_447.wav,playing acoustic guitar,-0.007411809758059551,"[[34.874, 36.0], [44.5, 48.0]]","[[34.802, 36.0], [44.5, 48.0]]","[[44.7, 49.0]]"
SetPO_minus_RBEE,public,rbee_seed1,setpo_seed1,184,Tm4ZJWTQXng_0_90.wav,playing banjo,-0.004638885330986886,"[[0.0, 18.902]]","[[0.0, 19.0]]","[[1.1, 18.1]]"
SetPO_minus_RBEE,public,rbee_seed1,setpo_seed1,188,-ds37ADTopw_4_82.wav,playing cello,-0.00032476657058422287,"[[8.659, 35.0]]","[[8.65, 35.0]]","[[8.8, 35.6]]"
SetPO_minus_RBEE,public,rbee_seed1,setpo_seed1,191,ApUqq2bp87o_342_432.wav,playing clarinet,-0.04999999999999993,"[[10.51, 20.51]]","[[10.5, 20.0]]","[[10.6, 13.0], [14.3, 15.7], [16.9, 18.1], [19.5, 20.5]]"
SetPO_minus_RBEE,public,rbee_seed1,setpo_seed1,200,eZOya7BqOc0_270_330.wav,playing flute,-0.007777777777776995,"[[43.659, 47.846]]","[[43.65, 47.802]]","[[43.5, 44.9], [46.2, 48.0]]"
SetPO_minus_RBEE,public,rbee_seed1,setpo_seed1,223,j5hZ5ombwns_180_240.wav,playing trumpet,-0.1351351351351351,"[[47.0, 50.5]]","[[47.0, 50.0]]","[[47.1, 50.7]]"
SetPO_minus_RBEE,public,rbee_seed1,setpo_seed1,229,q8PSwyIEkj4_104_164.wav,playing zither,-0.0005781015146258395,"[[36.402, 52.01]]","[[36.402, 52.0]]","[[41.4, 44.8], [50.2, 53.7]]"
SetPO_minus_RBEE,public,rbee_seed1,setpo_seed1,236,1-KvIEU03yc_320_380.wav,rope skipping,-0.0023830888472743395,"[[10.659, 18.013], [26.238, 35.124]]","[[10.65, 18.0], [26.2, 35.0]]","[[10.6, 19.7], [25.0, 35.1]]"
SetPO_minus_RBEE,public,rbee_seed1,setpo_seed1,279,s9d-2nhuJCQ_30_90.wav,people clapping,-0.023371506794430893,"[[0.0, 59.902]]","[[0.0, 5.0]]","[[7.3, 8.7]]"
SetPO_minus_RBEE,public,rbee_seed1,setpo_seed1,294,Jd0xfgwofkQ_140_220.wav,playing cello,-0.0028066236317724202,"[[72.874, 79.965]]","[[72.874, 79.945]]","[[73.2, 80.0]]"
SetPO_minus_RBEE,public,rbee_seed1,setpo_seed1,298,vqOmk5fQM68_190_240.wav,playing clarinet,-0.023097725879229314,"[[23.701, 25.0], [39.601, 40.601], [48.5, 49.5]]","[[23.75, 25.0], [39.624, 40.624], [48.5, 49.5]]","[[23.6, 24.9], [39.6, 40.5], [48.9, 49.9]]"
SetPO_minus_RBEE,public,rbee_seed1,setpo_seed1,306,hNKFL02U8W4_120_180.wav,playing erhu,-0.0972328064233079,"[[29.902, 31.51], [50.902, 53.51]]","[[30.0, 34.0], [50.902, 53.0]]","[[30.2, 31.5], [33.2, 34.2], [51.0, 53.4]]"
SetPO_minus_RBEE,public,rbee_seed1,setpo_seed1,324,X5wA7DSspmc_70_130.wav,playing snare drum,-0.012499999999999956,"[[40.902, 43.0], [49.0, 51.0]]","[[40.957, 43.0], [49.0, 51.0]]","[[40.8, 43.2], [49.0, 50.9]]"
SetPO_minus_RBEE,public,rbee_seed1,setpo_seed1,328,zlljHJtVaPw_510_570.wav,playing tabla,-0.037714285714287143,"[[56.51, 59.92]]","[[56.624, 59.902]]","[[56.5, 60.0]]"
SetPO_minus_RBEE,public,rbee_seed1,setpo_seed1,339,28YVOGk5uGY_0_60.wav,playing violin,-0.0021350762527233003,"[[0.0, 5.0], [45.902, 50.902]]","[[0.0, 5.0], [45.902, 51.0]]","[[46.2, 48.4]]"
SetPO_minus_RBEE,public,rbee_seed1,setpo_seed1,342,awNdAWg1oik_230_290.wav,playing zither,-0.06999999999999951,"[[10.101, 12.51], [46.01, 48.51]]","[[10.15, 12.5], [46.0, 48.0]]","[[9.9, 12.4], [46.1, 48.4]]"
SetPO_minus_RBEE,public,rbee_seed1,setpo_seed1,347,DIkH3opVS8o_0_30.wav,thunder,-0.014705882352941457,"[[26.701, 29.901]]","[[26.75, 29.9]]","[[26.6, 30.0]]"
SetPO_minus_RBEE,public,rbee_seed1,setpo_seed1,348,qiV8azj6bDY_360_420.wav,train horning,-0.2672025467568633,"[[50.0, 52.5]]","[[50.659, 52.513]]","[[50.0, 52.4]]"
SetPO_minus_RBEE,public,rbee_seed1,setpo_seed1,370,KZU9oEtNxY8_0_60.wav,playing banjo,-0.026340682188548126,"[[13.65, 16.802]]","[[13.65, 16.902]]","[[13.8, 16.5]]"
SetPO_minus_RBEE,public,rbee_seed1,setpo_seed1,372,GDE8R51FqJw_145_190.wav,hammering nails,-0.030670294335889303,"[[4.457, 6.0], [12.5, 14.5]]","[[4.457, 6.0], [12.624, 14.5]]","[[4.5, 6.4], [12.5, 14.6]]"
SetPO_minus_RBEE,public,rbee_seed1,setpo_seed1,377,B5Ban9347es_0_36.wav,beat boxing,-0.07198755751094299,"[[4.51, 8.01], [23.965, 27.01]]","[[4.51, 8.01], [23.374, 27.01]]","[[4.8, 8.2], [24.2, 27.0]]"
SetPO_minus_RBEE,public,rbee_seed1,setpo_seed1,380,pPNdzlgkG3M_110_170.wav,playing clarinet,-0.028222619768455193,"[[7.701, 10.0], [23.5, 26.5], [44.5, 47.0]]","[[7.701, 10.0], [23.5, 26.5], [44.5, 47.5]]","[[7.9, 9.9], [23.7, 25.9], [44.6, 47.1]]"
SetPO_minus_RBEE,public,rbee_seed2,setpo_seed2,16,b62RgDBmly8_0_58.wav,female singing,-0.014271064775252251,"[[48.735, 57.902]]","[[48.902, 57.902]]","[[46.2, 52.2]]"
SetPO_minus_RBEE,public,rbee_seed2,setpo_seed2,21,5VElNpaNPoo_0_60.wav,baby babbling,-0.1266666666666666,"[[41.51, 44.01]]","[[41.51, 44.51]]","[[42.0, 43.9]]"
SetPO_minus_RBEE,public,rbee_seed2,setpo_seed2,32,gBWmcmIfN98_0_60.wav,people clapping,-0.08280833551407907,"[[3.735, 5.902]]","[[3.302, 6.0]]","[[3.7, 5.7], [24.2, 25.0]]"
SetPO_minus_RBEE,public,rbee_seed2,setpo_seed2,44,Lx4poQw1mZo_124_174.wav,chainsawing trees,-0.025101763907733776,"[[41.65, 45.402]]","[[41.65, 45.5]]","[[41.7, 45.4]]"
SetPO_minus_RBEE,public,rbee_seed2,setpo_seed2,47,0QTme5iyg4A_161_221.wav,fireworks banging,-0.05428153700756877,"[[5.235, 6.235]]","[[5.291, 6.291]]","[[4.9, 5.7]]"
SetPO_minus_RBEE,public,rbee_seed2,setpo_seed2,67,yIx3ml9_nsQ_40_90.wav,people sneezing,-0.13333333333333286,"[[24.51, 25.51], [32.51, 33.51]]","[[24.51, 25.51], [32.51, 33.51], [46.51, 47.51]]","[[24.6, 25.4]]"
SetPO_minus_RBEE,public,rbee_seed2,setpo_seed2,68,c8FxPxMeZ_Q_30_90.wav,people whispering,-0.07121212121212117,"[[51.0, 53.0]]","[[51.235, 53.0]]","[[50.6, 53.9]]"
SetPO_minus_RBEE,public,rbee_seed2,setpo_seed2,74,QBMDnMRwQCc_30_90.wav,helicopter,-0.00013070008167545555,"[[44.659, 57.51]]","[[44.65, 57.51]]","[[44.9, 47.3]]"
SetPO_minus_RBEE,public,rbee_seed2,setpo_seed2,76,USlCCt8En7A_5_45.wav,baby laughter,-0.016261994159365883,"[[1.402, 6.0]]","[[1.4, 6.4]]","[[1.3, 2.4]]"
SetPO_minus_RBEE,public,rbee_seed2,setpo_seed2,80,VQc-haIJXSM_437_460.wav,ambulance siren,-0.031168831168831068,"[[12.0, 14.8]]","[[12.0, 15.0]]","[[11.5, 13.8]]"
SetPO_minus_RBEE,public,rbee_seed2,setpo_seed2,90,mhVsO7wVIfk_140_200.wav,basketball bounce,-0.07781775011691938,"[[41.902, 52.01]]","[[41.902, 52.902]]","[[42.2, 51.9]]"
SetPO_minus_RBEE,public,rbee_seed2,setpo_seed2,95,sXSDR4qLkuQ_120_180.wav,bull bellowing,-0.11041911130336265,"[[57.51, 59.965]]","[[57.51, 59.01]]","[[31.6, 36.1], [47.0, 48.0], [57.6, 59.9]]"
SetPO_minus_RBEE,public,rbee_seed2,setpo_seed2,100,LVp7zH3yCi0_60_120.wav,cat meowing,-0.12263993316624855,"[[29.65, 33.0], [45.45, 46.45], [54.7, 55.7], [58.3, 59.3]]","[[29.65, 33.0], [45.45, 46.45], [58.3, 59.3]]","[[29.5, 33.0], [45.4, 46.2], [54.6, 55.6], [58.2, 59.0]]"
SetPO_minus_RBEE,public,rbee_seed2,setpo_seed2,113,6_VlZuPDOSM_150_210.wav,driving motorcycle,-1.969521767708482e-05,"[[18.124, 26.513], [50.374, 56.513]]","[[18.124, 26.51], [50.374, 56.51]]","[[19.1, 26.2], [50.4, 56.6]]"
SetPO_minus_RBEE,public,rbee_seed2,setpo_seed2,119,RyUAFrXu5ng_80_140.wav,fire truck siren,-0.03328658941619311,"[[32.902, 59.902]]","[[32.902, 59.0]]","[[33.4, 60.0]]"
SetPO_minus_RBEE,public,rbee_seed2,setpo_seed2,132,OZVfvDBbwdI_1020_1060.wav,kid speaking,-0.005779749524856714,"[[0.0, 3.124], [30.291, 33.0], [35.874, 37.0]]","[[0.0, 3.124], [30.291, 33.0], [35.817, 37.0]]","[[0.0, 3.2], [30.3, 34.1], [35.9, 37.1]]"
SetPO_minus_RBEE,public,rbee_seed2,setpo_seed2,138,FidGPhNC4sc_0_60.wav,machine gun shooting,-0.005029428620811904,"[[37.902, 49.51], [57.124, 59.957]]","[[37.902, 49.51], [57.238, 59.902]]","[[38.0, 41.9], [43.3, 44.4], [45.6, 49.8], [57.0, 58.9]]"
SetPO_minus_RBEE,public,rbee_seed2,setpo_seed2,151,aISXCw0Pi94_33_93.wav,people clapping,-0.013611111111110963,"[[27.0, 28.0], [34.902, 36.0]]","[[27.0, 29.0]]","[[26.3, 29.9], [34.6, 38.2]]"
SetPO_minus_RBEE,public,rbee_seed2,setpo_seed2,156,ATv_bcvl_68_0_60.wav,people eating,-0.024913245656785987,"[[36.302, 39.0], [52.6, 59.9]]","[[36.0, 39.0], [52.65, 59.9]]","[[52.4, 60.0]]"
SetPO_minus_RBEE,public,rbee_seed2,setpo_seed2,175,k-dhOJF2MuY_280_325.wav,people whispering,-0.11948489069944454,"[[1.601, 2.601], [11.701, 23.601], [27.301, 29.001], [30.801, 34.501], [36.901, 39.501], [41.201, 44.901]]","[[1.601, 2.601], [11.701, 12.701], [14.601, 15.601], [19.0, 21.0], [22.201, 23.201], [27.3, 28.3], [30.701, 34.5]]","[[14.9, 23.7]]"
SetPO_minus_RBEE,public,rbee_seed2,setpo_seed2,188,-ds37ADTopw_4_82.wav,playing cello,-0.00032476657058422287,"[[8.659, 35.0]]","[[8.65, 35.0]]","[[8.8, 35.6]]"
SetPO_minus_RBEE,public,rbee_seed2,setpo_seed2,195,6BmPZifNZos_30_90.wav,playing drum kit,-0.004824561403508731,"[[30.902, 41.0]]","[[30.957, 41.0]]","[[30.2, 41.6]]"
SetPO_minus_RBEE,public,rbee_seed2,setpo_seed2,198,kA59yNSvfa8_122_182.wav,playing erhu,-0.030493806771263232,"[[15.402, 27.51]]","[[15.0, 27.5]]","[[15.4, 27.3]]"
SetPO_minus_RBEE,public,rbee_seed2,setpo_seed2,200,eZOya7BqOc0_270_330.wav,playing flute,-0.007777777777776995,"[[43.659, 47.846]]","[[43.65, 47.802]]","[[43.5, 44.9], [46.2, 48.0]]"
SetPO_minus_RBEE,public,rbee_seed2,setpo_seed2,205,bRZ1EDf2ybU_0_90.wav,playing harp,-0.005791926735533304,"[[31.51, 50.01]]","[[31.51, 50.51]]","[[31.2, 50.2]]"
SetPO_minus_RBEE,public,rbee_seed2,setpo_seed2,218,r1KRhB4QeCg_81_91.wav,playing tennis,-0.07382158161277741,"[[1.58, 2.2], [5.0, 5.6], [7.4, 8.0], [8.3, 8.9], [9.5, 10.0]]","[[1.5, 2.5], [5.0, 5.5], [7.4, 8.0], [8.3, 8.9], [9.5, 10.0]]","[[1.8, 2.1], [5.1, 5.7], [8.3, 8.7]]"
SetPO_minus_RBEE,public,rbee_seed2,setpo_seed2,235,3dwMzERxpRw_640_720.wav,rope skipping,-0.14,"[[62.0, 64.5]]","[[62.0, 65.0]]","[[62.4, 64.5]]"
SetPO_minus_RBEE,public,rbee_seed2,setpo_seed2,236,1-KvIEU03yc_320_380.wav,rope skipping,-0.010416666666666852,"[[10.65, 18.0], [26.0, 35.0]]","[[10.65, 18.0], [26.2, 35.0]]","[[10.6, 19.7], [25.0, 35.1]]"
SetPO_minus_RBEE,public,rbee_seed2,setpo_seed2,259,yTA0nmQVfq4_0_33.wav,train wheels squealing,-0.005555555555555869,"[[9.402, 19.124]]","[[9.457, 19.124]]","[[9.4, 19.3]]"
SetPO_minus_RBEE,public,rbee_seed2,setpo_seed2,279,s9d-2nhuJCQ_30_90.wav,people clapping,-0.023371506794430893,"[[0.0, 59.902]]","[[0.0, 5.0]]","[[7.3, 8.7]]"
SetPO_minus_RBEE,public,rbee_seed2,setpo_seed2,288,WN4IoK7ecAU_300_380.wav,playing acoustic guitar,-0.05966737001291594,"[[32.51, 46.01], [48.965, 50.01], [53.51, 55.01], [58.51, 60.01], [63.51, 65.01], [67.51, 69.01], [72.51, 74.0]]","[[32.51, 46.01], [48.51, 50.01], [53.51, 56.01], [58.51, 60.01], [62.51, 65.01], [67.51, 69.01], [72.51, 75.0]]","[[33.1, 36.0], [38.1, 41.6], [42.6, 45.9]]"
SetPO_minus_RBEE,public,rbee_seed2,setpo_seed2,298,vqOmk5fQM68_190_240.wav,playing clarinet,-0.023097725879229314,"[[23.701, 25.0], [39.601, 40.601], [48.5, 49.5]]","[[23.75, 25.0], [39.624, 40.624], [48.5, 49.5]]","[[23.6, 24.9], [39.6, 40.5], [48.9, 49.9]]"
SetPO_minus_RBEE,public,rbee_seed2,setpo_seed2,306,hNKFL02U8W4_120_180.wav,playing erhu,-0.049836378025925665,"[[30.0, 34.0], [50.902, 53.5]]","[[30.0, 34.0], [50.902, 53.0]]","[[30.2, 31.5], [33.2, 34.2], [51.0, 53.4]]"
SetPO_minus_RBEE,public,rbee_seed2,setpo_seed2,324,X5wA7DSspmc_70_130.wav,playing snare drum,-0.012499999999999956,"[[40.902, 43.0], [49.0, 51.0]]","[[40.957, 43.0], [49.0, 51.0]]","[[40.8, 43.2], [49.0, 50.9]]"
SetPO_minus_RBEE,public,rbee_seed2,setpo_seed2,327,txKxk6S4IvQ_15_75.wav,playing tabla,-0.021588238830174578,"[[0.0, 3.0], [29.65, 35.0], [41.701, 44.0], [52.701, 53.701], [59.201, 60.0]]","[[0.0, 3.0], [29.65, 35.0], [41.65, 44.0], [52.75, 53.75], [59.5, 60.0]]","[[0.0, 3.4], [42.0, 43.8], [52.6, 55.6], [59.2, 60.0]]"
SetPO_minus_RBEE,public,rbee_seed2,setpo_seed2,331,Ymt3UbVPBm4_126_186.wav,playing trombone,-0.01608995833514093,"[[47.402, 51.01], [55.874, 58.874]]","[[47.457, 51.0], [55.5, 58.5]]","[[57.3, 58.6]]"
SetPO_minus_RBEE,public,rbee_seed2,setpo_seed2,332,uDbZvKBd-sk_90_150.wav,playing trombone,-0.005560582218727128,"[[52.791, 56.124]]","[[52.791, 56.513]]","[[52.7, 56.3]]"
SetPO_minus_RBEE,public,rbee_seed2,setpo_seed2,335,fBgbJcDjsLs_25_68.wav,playing trumpet,-0.04734651404786738,"[[20.874, 24.374], [33.238, 36.874]]","[[20.874, 24.374], [33.238, 36.51]]","[[20.9, 24.9], [33.5, 36.9]]"
SetPO_minus_RBEE,public,rbee_seed2,setpo_seed2,336,uvBbvPUfYfE_19_79.wav,playing ukulele,-0.004520087912229798,"[[15.902, 18.01], [36.01, 41.01], [50.01, 52.01]]","[[15.874, 18.0], [36.0, 41.0], [50.0, 52.0]]","[[16.1, 18.7], [36.2, 41.3], [50.1, 51.8], [59.2, 60.0]]"
SetPO_minus_RBEE,public,rbee_seed2,setpo_seed2,339,28YVOGk5uGY_0_60.wav,playing violin,-0.0021350762527233003,"[[0.0, 5.0], [45.902, 50.902]]","[[0.0, 5.0], [45.902, 51.0]]","[[46.2, 48.4]]"
SetPO_minus_RBEE,public,rbee_seed2,setpo_seed2,340,28YVOGk5uGY_50_110.wav,playing violin,-0.05154639175257736,"[[15.5, 19.0], [35.3, 41.3]]","[[15.5, 18.5], [35.3, 41.3]]","[[15.6, 19.2]]"
SetPO_minus_RBEE,public,rbee_seed2,setpo_seed2,342,awNdAWg1oik_230_290.wav,playing zither,-0.06999999999999951,"[[10.101, 12.51], [46.01, 48.51]]","[[10.15, 12.5], [46.0, 48.0]]","[[9.9, 12.4], [46.1, 48.4]]"
SetPO_minus_RBEE,public,rbee_seed2,setpo_seed2,347,DIkH3opVS8o_0_30.wav,thunder,-0.014705882352941457,"[[26.701, 29.901]]","[[26.75, 29.9]]","[[26.6, 30.0]]"
SetPO_minus_RBEE,public,rbee_seed2,setpo_seed2,356,YScsKu7Txnw_251_311.wav,water burbling,-0.3478947742817505,"[[0.0, 5.902], [19.0, 20.0], [31.0, 32.0], [38.5, 40.0], [42.5, 43.5]]","[[0.0, 5.902], [19.0, 42.5]]","[[0.0, 5.6]]"
SetPO_minus_RBEE,public,rbee_seed2,setpo_seed2,360,MVqxKEaQHM0_148_208.wav,playing ukulele,-0.0031022551008226262,"[[44.51, 46.01], [49.51, 50.51], [53.51, 54.51], [59.01, 60.0]]","[[44.5, 46.0], [49.0, 50.0], [53.5, 54.5], [59.0, 60.0]]","[[44.6, 46.2], [56.6, 57.7], [59.1, 60.0]]"
SetPO_minus_RBEE,public,rbee_seed2,setpo_seed2,368,YJ2O7vQfeiE_155_215.wav,playing erhu,-0.20862993395954121,"[[46.791, 51.791], [54.457, 58.457]]","[[46.791, 58.846]]","[[46.8, 51.6], [54.3, 58.1]]"
SetPO_minus_RBEE,public,rbee_seed2,setpo_seed2,373,9EnPEkBCzeo_60_120.wav,hammering nails,-0.15873015873015855,"[[19.0, 20.0], [42.0, 46.0]]","[[19.0, 20.0], [42.0, 45.0]]","[[40.8, 46.1]]"
SetPO_minus_RBEE,public,rbee_seed2,setpo_seed2,375,T6B1r0-CYf0_70_160.wav,hammering nails,-0.04237671470948148,"[[16.902, 17.902], [38.01, 39.01], [58.238, 59.238], [81.51, 82.51]]","[[16.902, 17.902], [23.51, 24.51], [38.238, 39.238], [58.238, 59.238], [81.51, 82.51]]","[[81.4, 82.4]]"
SetPO_minus_RBEE,public,rbee_seed2,setpo_seed2,376,T6B1r0-CYf0_154_204.wav,hammering nails,-0.08335577297070842,"[[1.0, 2.0], [8.3, 9.3], [13.0, 14.0], [17.9, 18.9], [21.7, 22.7], [44.0, 45.0], [46.5, 47.5]]","[[1.51, 2.51], [8.374, 9.374], [13.01, 14.01], [18.01, 19.01], [22.01, 23.01], [44.01, 45.01]]","[[7.7, 8.6], [12.3, 13.3], [43.4, 47.3]]"
SetPO_minus_RBEE,public,rbee_seed2,setpo_seed2,380,pPNdzlgkG3M_110_170.wav,playing clarinet,-0.028222619768455193,"[[7.701, 10.0], [23.5, 26.5], [44.5, 47.0]]","[[7.701, 10.0], [23.5, 26.5], [44.5, 47.5]]","[[7.9, 9.9], [23.7, 25.9], [44.6, 47.1]]"
SetPO_minus_RBEE,public,rbee_seed2,setpo_seed2,397,J6_-SaW_GUE_0_60.wav,basketball bounce,-0.5,"[[34.0, 36.0]]","[[34.0, 35.0]]","[[34.3, 36.0]]"
SetPO_minus_RBEE,public,rbee_seed2,setpo_seed2,398,zbWFCrbyMYQ_20_105.wav,people crowd,-0.008737915288397957,"[[0.0, 2.0], [29.802, 31.802], [39.0, 40.0], [50.0, 51.0], [56.0, 57.0], [76.0, 77.0], [80.0, 81.0]]","[[0.0, 2.0], [29.902, 31.902], [39.0, 40.0], [50.0, 51.0], [56.0, 57.0], [76.0, 77.0], [80.0, 81.0]]","[[1.4, 2.7], [29.5, 31.5], [48.7, 50.4], [76.3, 79.8]]"
continuation_minus_RBEE,relation,rbee_seed0,continue_rbee_seed0,38,esc_test_10004_v1.wav,"clapping, and then keyboard typing",-0.004672897196261738,"[[17.65, 28.3]]","[[17.65, 28.35]]","[[17.65, 28.3]]"
continuation_minus_RBEE,relation,rbee_seed0,continue_rbee_seed0,149,esc_test_10018_v1.wav,vacuum cleaner followed by sea waves,-0.0012123335963777349,"[[1.97, 12.65]]","[[1.957, 12.65]]","[[2.0, 12.65]]"
continuation_minus_RBEE,relation,rbee_seed0,continue_rbee_seed0,157,esc_test_10019_v1.wav,vacuum cleaner followed by chainsaw,-0.0823014745070173,"[[2.0, 12.65], [17.65, 28.65]]","[[2.0, 28.0]]","[[2.0, 12.65]]"
continuation_minus_RBEE,relation,rbee_seed0,continue_rbee_seed0,222,esc_test_10027_v1.wav,"keyboard typing, and then rooster",-0.04474119728357029,"[[7.65, 11.85], [17.65, 21.85], [23.25, 25.0]]","[[7.65, 25.0]]","[[17.65, 28.3]]"
continuation_minus_RBEE,relation,rbee_seed0,continue_rbee_seed0,247,esc_test_10030_v1.wav,"vacuum cleaner, and then dog",-0.005243445692883819,"[[2.0, 12.65]]","[[1.97, 12.624]]","[[2.0, 12.65]]"
continuation_minus_RBEE,relation,rbee_seed0,continue_rbee_seed0,261,esc_test_10032_v1.wav,rooster followed by crying baby,-0.39399082329631363,"[[2.355, 12.655]]","[[2.35, 12.65], [17.65, 22.65], [23.65, 26.0]]","[[2.0, 12.65]]"
continuation_minus_RBEE,relation,rbee_seed0,continue_rbee_seed0,301,esc_test_10037_v1.wav,sea waves followed by chainsaw,-0.0006515748358391082,"[[1.957, 12.65]]","[[1.95, 12.65]]","[[2.0, 12.65]]"
continuation_minus_RBEE,relation,rbee_seed0,continue_rbee_seed0,303,esc_test_10037_v1.wav,"sea waves, and then chainsaw",-0.0006515748358391082,"[[1.957, 12.65]]","[[1.95, 12.65]]","[[2.0, 12.65]]"
continuation_minus_RBEE,relation,rbee_seed1,continue_rbee_seed1,38,esc_test_10004_v1.wav,"clapping, and then keyboard typing",-0.004672897196261738,"[[17.65, 28.3]]","[[17.65, 28.35]]","[[17.65, 28.3]]"
continuation_minus_RBEE,relation,rbee_seed1,continue_rbee_seed1,90,esc_test_10011_v0.wav,"clapping, and then vacuum cleaner",-0.5591397849462365,"[[1.5, 11.75]]","[[1.5, 24.75]]","[[1.5, 11.75]]"
continuation_minus_RBEE,relation,rbee_seed1,continue_rbee_seed1,102,esc_test_10012_v1.wav,"fireworks, and then rooster",-0.007263922518159771,"[[7.65, 26.15]]","[[7.65, 26.0]]","[[17.65, 28.3]]"
continuation_minus_RBEE,relation,rbee_seed1,continue_rbee_seed1,111,esc_test_10013_v1.wav,"clapping, and then chainsaw",-0.0071428571428571175,"[[2.0, 23.0]]","[[2.0, 23.3]]","[[2.0, 12.65]]"
continuation_minus_RBEE,relation,rbee_seed1,continue_rbee_seed1,151,esc_test_10018_v1.wav,"vacuum cleaner, and then sea waves",-0.0020499161135479893,"[[1.97, 12.65]]","[[1.957, 12.659]]","[[2.0, 12.65]]"
continuation_minus_RBEE,relation,rbee_seed2,continue_rbee_seed2,14,esc_test_10001_v1.wav,"crying baby, and then keyboard typing",-0.0046948356807512415,"[[17.692, 22.692]]","[[17.7, 22.65]]","[[17.65, 28.3]]"
continuation_minus_RBEE,relation,rbee_seed2,continue_rbee_seed2,156,esc_test_10019_v1.wav,chainsaw followed by vacuum cleaner,-0.00023029886882530715,"[[1.97, 28.3]]","[[1.957, 28.302]]","[[17.65, 28.3]]"
continuation_minus_RBEE,relation,rbee_seed2,continue_rbee_seed2,205,esc_test_10025_v1.wav,thunderstorm followed by dog,-0.0011764705882353343,"[[2.0, 23.25]]","[[2.0, 23.3]]","[[2.0, 12.65]]"
continuation_minus_RBEE,relation,rbee_seed2,continue_rbee_seed2,222,esc_test_10027_v1.wav,"keyboard typing, and then rooster",-0.10073446327683616,"[[7.65, 12.0], [17.65, 24.5]]","[[7.65, 25.0]]","[[17.65, 28.3]]"
continuation_minus_RBEE,public,rbee_seed0,continue_rbee_seed0,2,fTcSVQJ2h8g_0_90.wav,police car siren,-0.09153840764525145,"[[59.01, 66.01]]","[[58.735, 66.513]]","[[59.0, 65.6]]"
continuation_minus_RBEE,public,rbee_seed0,continue_rbee_seed0,8,TP_CVBCc4-U_50_110.wav,people shouting,-0.00335502912525798,"[[44.874, 47.0], [57.902, 59.0]]","[[44.874, 47.0], [57.874, 59.0]]","[[44.7, 46.9], [6.2, 6.9]]"
continuation_minus_RBEE,public,rbee_seed0,continue_rbee_seed0,10,_jcVnmRQD_U_90_150.wav,people whistling,-0.27808713846984456,"[[40.957, 42.51]]","[[41.0, 42.0]]","[[41.0, 42.7]]"
continuation_minus_RBEE,public,rbee_seed0,continue_rbee_seed0,21,5VElNpaNPoo_0_60.wav,baby babbling,-0.1266666666666666,"[[41.51, 44.01]]","[[41.51, 44.51]]","[[42.0, 43.9]]"
continuation_minus_RBEE,public,rbee_seed0,continue_rbee_seed0,32,gBWmcmIfN98_0_60.wav,people clapping,-0.016992353440951513,"[[3.51, 5.92]]","[[3.51, 6.01]]","[[3.7, 5.7], [24.2, 25.0]]"
continuation_minus_RBEE,public,rbee_seed0,continue_rbee_seed0,53,A2NtJ12KIuU_0_40.wav,people crowd,-0.12788888888888886,"[[22.0, 39.902]]","[[22.0, 24.0]]","[[37.6, 40.0]]"
continuation_minus_RBEE,public,rbee_seed0,continue_rbee_seed0,59,WChnH2EJr_8_0_30.wav,people burping,-0.005117215403597636,"[[4.0, 8.7], [18.8, 28.7]]","[[3.601, 8.701], [18.801, 28.701]]","[[25.7, 29.1]]"
continuation_minus_RBEE,public,rbee_seed0,continue_rbee_seed0,74,QBMDnMRwQCc_30_90.wav,helicopter,-0.006473361038109526,"[[44.624, 57.51]]","[[44.65, 58.0]]","[[44.9, 47.3]]"
continuation_minus_RBEE,public,rbee_seed0,continue_rbee_seed0,78,nxvoVBUYCeY_0_62.wav,airplane flyby,-0.0023239786445835575,"[[52.124, 61.902]]","[[52.101, 61.965]]","[[51.8, 59.6]]"
continuation_minus_RBEE,public,rbee_seed0,continue_rbee_seed0,80,VQc-haIJXSM_437_460.wav,ambulance siren,-0.031168831168831068,"[[12.0, 14.8]]","[[12.0, 15.0]]","[[11.5, 13.8]]"
continuation_minus_RBEE,public,rbee_seed0,continue_rbee_seed0,87,aISXCw0Pi94_175_235.wav,baby laughter,-0.06280219780219942,"[[45.0, 46.0], [53.701, 55.0]]","[[45.0, 46.0], [53.5, 55.0]]","[[45.0, 46.1], [53.7, 55.2]]"
continuation_minus_RBEE,public,rbee_seed0,continue_rbee_seed0,110,hZfIwRPjkvM_30_90.wav,dog howling,-0.10107858243451495,"[[42.402, 59.902]]","[[42.302, 44.0], [56.0, 59.902]]","[[42.3, 44.7], [51.4, 60.0]]"
continuation_minus_RBEE,public,rbee_seed0,continue_rbee_seed0,119,RyUAFrXu5ng_80_140.wav,fire truck siren,-0.03328658941619311,"[[32.902, 59.902]]","[[32.902, 59.0]]","[[33.4, 60.0]]"
continuation_minus_RBEE,public,rbee_seed0,continue_rbee_seed0,122,_qsWAzHnwQ0_150_210.wav,fireworks banging,-0.01027348003862838,"[[3.957, 20.0], [27.374, 59.0]]","[[3.957, 20.0], [27.374, 58.5]]","[[4.2, 19.7], [32.7, 60.0]]"
continuation_minus_RBEE,public,rbee_seed0,continue_rbee_seed0,125,vGIs0GU1V6M_0_60.wav,hair dryer drying,-0.006748155090003732,"[[51.51, 56.01]]","[[51.5, 55.5]]","[[17.9, 24.3], [34.9, 36.7], [44.6, 49.2], [51.4, 55.7]]"
continuation_minus_RBEE,public,rbee_seed0,continue_rbee_seed0,131,OZVfvDBbwdI_556_587.wav,kid speaking,-0.002339995730898603,"[[5.701, 17.624], [21.624, 26.402]]","[[5.701, 17.701], [21.601, 26.401]]","[[9.3, 17.5], [21.5, 26.7], [5.6, 6.7]]"
continuation_minus_RBEE,public,rbee_seed0,continue_rbee_seed0,132,OZVfvDBbwdI_1020_1060.wav,kid speaking,-0.005779749524856714,"[[0.0, 3.124], [30.291, 33.0], [35.874, 37.0]]","[[0.0, 3.124], [30.291, 33.0], [35.817, 37.0]]","[[0.0, 3.2], [30.3, 34.1], [35.9, 37.1]]"
continuation_minus_RBEE,public,rbee_seed0,continue_rbee_seed0,135,OMkEVX23BdM_0_31.wav,lions roaring,-0.18489968424141812,"[[19.235, 27.513]]","[[19.291, 21.513], [23.013, 27.013]]","[[19.4, 23.6], [24.4, 29.9]]"
continuation_minus_RBEE,public,rbee_seed0,continue_rbee_seed0,145,oNTF2t8gUIM_184_276.wav,people battle cry,-0.00923827613308903,"[[22.51, 44.51]]","[[22.302, 44.51]]","[[22.6, 44.3]]"
continuation_minus_RBEE,public,rbee_seed0,continue_rbee_seed0,147,LMKxK3ZHLMY_0_30.wav,people burping,-0.01967806133414457,"[[3.855, 4.855], [12.355, 13.355], [26.902, 27.902]]","[[3.902, 4.902], [12.302, 13.302], [26.902, 27.902]]","[[3.6, 4.3], [12.4, 12.8], [27.0, 27.4]]"
continuation_minus_RBEE,public,rbee_seed0,continue_rbee_seed0,148,LMKxK3ZHLMY_30_60.wav,people burping,-0.043896913055790215,"[[1.701, 2.701], [6.624, 7.624], [15.701, 16.701], [28.5, 29.5]]","[[1.701, 2.701], [6.624, 7.624], [15.624, 16.624]]","[[6.5, 6.9], [15.7, 16.0], [28.6, 28.9]]"
continuation_minus_RBEE,public,rbee_seed0,continue_rbee_seed0,160,kw6sagBOLw0_0_57.wav,people nose blowing,-0.018976843786295217,"[[4.302, 8.0], [11.702, 12.702], [36.902, 38.0], [46.902, 49.0]]","[[4.5, 8.0], [11.75, 12.75], [36.9, 38.0], [46.9, 49.0]]","[[1.7, 7.6]]"
continuation_minus_RBEE,public,rbee_seed0,continue_rbee_seed0,175,k-dhOJF2MuY_280_325.wav,people whispering,-1.4097993137229814e-05,"[[1.601, 2.601], [11.701, 23.5], [27.3, 29.0], [30.8, 34.5], [36.901, 39.5], [41.201, 44.901]]","[[1.601, 2.601], [11.701, 23.5], [27.3, 29.0], [30.8, 34.5], [36.9, 39.5], [41.2, 44.9]]","[[14.9, 23.7]]"
continuation_minus_RBEE,public,rbee_seed0,continue_rbee_seed0,176,XKfTTHqbk-4_0_43.wav,people whistling,-0.01727272727272744,"[[13.201, 14.201], [25.5, 26.5], [39.124, 41.5]]","[[13.3, 14.3], [25.6, 26.6], [39.2, 41.5]]","[[13.3, 14.2], [25.7, 26.4], [39.1, 40.0], [40.9, 41.4]]"
continuation_minus_RBEE,public,rbee_seed0,continue_rbee_seed0,188,-ds37ADTopw_4_82.wav,playing cello,-0.00032476657058422287,"[[8.659, 35.0]]","[[8.65, 35.0]]","[[8.8, 35.6]]"
continuation_minus_RBEE,public,rbee_seed0,continue_rbee_seed0,191,ApUqq2bp87o_342_432.wav,playing clarinet,-0.010660660660660626,"[[10.51, 20.101]]","[[10.5, 20.0]]","[[10.6, 13.0], [14.3, 15.7], [16.9, 18.1], [19.5, 20.5]]"
continuation_minus_RBEE,public,rbee_seed0,continue_rbee_seed0,198,kA59yNSvfa8_122_182.wav,playing erhu,-0.030493806771263232,"[[15.402, 27.51]]","[[15.0, 27.5]]","[[15.4, 27.3]]"
continuation_minus_RBEE,public,rbee_seed0,continue_rbee_seed0,209,GbM7EszlDFw_52_98.wav,playing saxophone,-0.014853986713429412,"[[16.902, 21.01], [29.374, 33.738]]","[[16.902, 21.01], [29.238, 33.738]]","[[16.9, 21.2], [29.4, 33.8]]"
continuation_minus_RBEE,public,rbee_seed0,continue_rbee_seed0,218,r1KRhB4QeCg_81_91.wav,playing tennis,-0.07382158161277741,"[[1.58, 2.2], [5.0, 5.6], [7.4, 8.0], [8.3, 8.9], [9.5, 10.0]]","[[1.5, 2.5], [5.0, 5.5], [7.4, 8.0], [8.3, 8.9], [9.5, 10.0]]","[[1.8, 2.1], [5.1, 5.7], [8.3, 8.7]]"
continuation_minus_RBEE,public,rbee_seed0,continue_rbee_seed0,235,3dwMzERxpRw_640_720.wav,rope skipping,-0.14,"[[62.0, 64.5]]","[[62.0, 65.0]]","[[62.4, 64.5]]"
continuation_minus_RBEE,public,rbee_seed0,continue_rbee_seed0,240,8vsdnrrnWZA_190_250.wav,sea waves,-0.12345679012345678,"[[15.0, 23.0]]","[[15.0, 22.0]]","[[15.2, 23.1]]"
continuation_minus_RBEE,public,rbee_seed0,continue_rbee_seed0,248,-1q1otOq9TU_315_345.wav,skidding,-0.0031575906750519467,"[[11.179, 20.0]]","[[11.15, 20.0]]","[[11.4, 19.9]]"
continuation_minus_RBEE,public,rbee_seed0,continue_rbee_seed0,251,udc_NPwrSK0_0_57.wav,tap dancing,-0.00987173655295781,"[[10.65, 17.802], [34.5, 56.902]]","[[10.65, 17.5], [34.5, 56.9]]","[[11.0, 18.3], [34.1, 39.0], [44.1, 50.0], [52.2, 56.4]]"
continuation_minus_RBEE,public,rbee_seed0,continue_rbee_seed0,257,_Gg3M-GF9sE_3_63.wav,train horning,-0.07499999999999984,"[[48.0, 59.9]]","[[48.0, 59.0]]","[[48.4, 51.5], [54.0, 55.8], [57.6, 60.0]]"
continuation_minus_RBEE,public,rbee_seed0,continue_rbee_seed0,288,WN4IoK7ecAU_300_380.wav,playing acoustic guitar,-0.008295208332912807,"[[32.51, 46.01], [48.965, 50.01], [53.01, 55.01], [58.01, 60.01], [63.01, 65.01], [67.965, 70.01]]","[[32.51, 46.01], [48.965, 50.01], [53.51, 55.01], [58.51, 60.01], [63.51, 65.01], [67.51, 69.01], [72.51, 75.0]]","[[33.1, 36.0], [38.1, 41.6], [42.6, 45.9]]"
continuation_minus_RBEE,public,rbee_seed0,continue_rbee_seed0,289,ZGYN5mMXpFM_0_25.wav,playing banjo,-0.00037692597635341496,"[[1.902, 7.0]]","[[1.9, 7.0]]","[[2.1, 7.0]]"
continuation_minus_RBEE,public,rbee_seed0,continue_rbee_seed0,294,Jd0xfgwofkQ_140_220.wav,playing cello,-0.01824847345486824,"[[72.874, 79.965]]","[[72.802, 79.902]]","[[73.2, 80.0]]"
continuation_minus_RBEE,public,rbee_seed0,continue_rbee_seed0,296,28YVOGk5uGY_10_70.wav,playing cello,-0.011666666666666659,"[[36.51, 41.01], [55.51, 58.51]]","[[36.5, 41.5], [55.5, 58.5]]","[[39.2, 40.6]]"
continuation_minus_RBEE,public,rbee_seed0,continue_rbee_seed0,298,vqOmk5fQM68_190_240.wav,playing clarinet,-0.023097725879229314,"[[23.701, 25.0], [39.601, 40.601], [48.5, 49.5]]","[[23.75, 25.0], [39.624, 40.624], [48.5, 49.5]]","[[23.6, 24.9], [39.6, 40.5], [48.9, 49.9]]"
continuation_minus_RBEE,public,rbee_seed0,continue_rbee_seed0,306,hNKFL02U8W4_120_180.wav,playing erhu,-0.04739642839738223,"[[29.902, 31.51], [50.902, 53.51]]","[[30.0, 34.0], [50.902, 53.5]]","[[30.2, 31.5], [33.2, 34.2], [51.0, 53.4]]"
continuation_minus_RBEE,public,rbee_seed0,continue_rbee_seed0,308,hNKFL02U8W4_360_420.wav,playing erhu,-0.016991963260619913,"[[30.5, 36.8], [44.3, 45.3], [48.0, 53.8]]","[[30.5, 36.8], [44.3, 49.3], [52.0, 53.0]]","[[30.6, 31.7], [34.9, 36.6], [44.5, 45.6], [48.3, 49.4], [52.3, 53.6]]"
continuation_minus_RBEE,public,rbee_seed0,continue_rbee_seed0,321,YAyTfJI5u4k_45_105.wav,playing saxophone,-0.03991226442498952,"[[43.124, 47.51]]","[[43.124, 47.124]]","[[43.2, 47.4]]"
continuation_minus_RBEE,public,rbee_seed0,continue_rbee_seed0,327,txKxk6S4IvQ_15_75.wav,playing tabla,-0.021588238830174578,"[[0.0, 3.0], [29.65, 35.0], [41.701, 44.0], [52.701, 53.701], [59.201, 60.0]]","[[0.0, 3.0], [29.65, 35.0], [41.65, 44.0], [52.75, 53.75], [59.5, 60.0]]","[[0.0, 3.4], [42.0, 43.8], [52.6, 55.6], [59.2, 60.0]]"
continuation_minus_RBEE,public,rbee_seed0,continue_rbee_seed0,336,uvBbvPUfYfE_19_79.wav,playing ukulele,-0.008189991501727167,"[[15.957, 18.009], [36.009, 41.009], [50.009, 52.009]]","[[15.874, 18.0], [36.0, 41.0], [50.0, 52.0]]","[[16.1, 18.7], [36.2, 41.3], [50.1, 51.8], [59.2, 60.0]]"
continuation_minus_RBEE,public,rbee_seed0,continue_rbee_seed0,337,uvBbvPUfYfE_120_180.wav,playing ukulele,-0.12353982300884969,"[[20.75, 22.5], [32.75, 34.5], [52.75, 53.75]]","[[20.75, 22.302], [32.75, 34.0], [52.75, 53.75]]","[[20.8, 22.8], [32.7, 35.3]]"
continuation_minus_RBEE,public,rbee_seed0,continue_rbee_seed0,338,yqOuNOfLyUE_0_60.wav,playing ukulele,-0.03244248519079729,"[[35.5, 36.5], [44.8, 45.8], [47.8, 48.8], [51.1, 52.1], [54.5, 55.5]]","[[35.0, 36.0], [44.8, 45.8], [47.8, 48.8], [51.0, 52.0], [54.8, 55.8]]","[[35.4, 36.4], [39.4, 41.6], [44.9, 46.0], [47.8, 54.2]]"
continuation_minus_RBEE,public,rbee_seed0,continue_rbee_seed0,342,awNdAWg1oik_230_290.wav,playing zither,-0.06999999999999951,"[[10.101, 12.51], [46.01, 48.51]]","[[10.15, 12.5], [46.0, 48.0]]","[[9.9, 12.4], [46.1, 48.4]]"
continuation_minus_RBEE,public,rbee_seed0,continue_rbee_seed0,347,DIkH3opVS8o_0_30.wav,thunder,-0.014705882352941457,"[[26.701, 29.901]]","[[26.75, 29.9]]","[[26.6, 30.0]]"
continuation_minus_RBEE,public,rbee_seed0,continue_rbee_seed0,348,qiV8azj6bDY_360_420.wav,train horning,-0.013944223107568376,"[[50.624, 52.51]]","[[50.659, 52.51]]","[[50.0, 52.4]]"
continuation_minus_RBEE,public,rbee_seed0,continue_rbee_seed0,356,YScsKu7Txnw_251_311.wav,water burbling,-0.7658997889877696,"[[0.0, 5.874]]","[[0.0, 5.874], [19.0, 43.0]]","[[0.0, 5.6]]"
continuation_minus_RBEE,public,rbee_seed0,continue_rbee_seed0,360,MVqxKEaQHM0_148_208.wav,playing ukulele,-0.0031022551008226262,"[[44.51, 46.01], [49.51, 50.51], [53.51, 54.51], [59.01, 60.0]]","[[44.5, 46.0], [49.5, 50.5], [53.5, 54.5], [59.0, 60.0]]","[[44.6, 46.2], [56.6, 57.7], [59.1, 60.0]]"
continuation_minus_RBEE,public,rbee_seed0,continue_rbee_seed0,381,pPNdzlgkG3M_50_110.wav,playing clarinet,-0.10267419962335267,"[[25.65, 27.65], [49.902, 52.15]]","[[25.65, 27.65], [49.902, 52.902]]","[[26.0, 27.3], [50.0, 51.6]]"
continuation_minus_RBEE,public,rbee_seed0,continue_rbee_seed0,385,ckHzSVkWpII_90_135.wav,playing cornet,-0.08776017749811404,"[[15.231, 16.231], [21.231, 23.0], [37.731, 41.231]]","[[15.0, 16.0], [21.0, 23.0], [37.7, 41.0]]","[[15.3, 16.4], [21.3, 22.8], [37.7, 41.1]]"
continuation_minus_RBEE,public,rbee_seed0,continue_rbee_seed0,398,zbWFCrbyMYQ_20_105.wav,people crowd,-0.008951991404548498,"[[0.0, 2.0], [29.701, 31.701], [39.0, 40.0], [50.0, 51.0], [56.0, 57.0], [76.0, 77.0], [80.0, 81.0]]","[[0.0, 2.0], [29.802, 31.802], [39.0, 40.0], [50.0, 51.0], [56.0, 57.0], [76.0, 77.0], [81.0, 82.0]]","[[1.4, 2.7], [29.5, 31.5], [48.7, 50.4], [76.3, 79.8]]"
continuation_minus_RBEE,public,rbee_seed1,continue_rbee_seed1,35,HShbaC9ORSo_366_426.wav,driving motorcycle,-0.007349481096011967,"[[50.874, 59.0]]","[[50.802, 59.0]]","[[51.0, 57.8]]"
continuation_minus_RBEE,public,rbee_seed1,continue_rbee_seed1,69,0PHUQku2P5I_50_95.wav,singing choir,-0.035,"[[0.0, 10.0]]","[[0.0, 12.0]]","[[2.2, 4.3]]"
continuation_minus_RBEE,public,rbee_seed1,continue_rbee_seed1,74,QBMDnMRwQCc_30_90.wav,helicopter,-0.00013070008167545555,"[[44.659, 57.51]]","[[44.65, 57.51]]","[[44.9, 47.3]]"
continuation_minus_RBEE,public,rbee_seed1,continue_rbee_seed1,80,VQc-haIJXSM_437_460.wav,ambulance siren,-0.031168831168831068,"[[12.0, 14.8]]","[[12.0, 15.0]]","[[11.5, 13.8]]"
continuation_minus_RBEE,public,rbee_seed1,continue_rbee_seed1,87,aISXCw0Pi94_175_235.wav,baby laughter,-0.06280219780219942,"[[45.0, 46.0], [53.701, 55.0]]","[[45.0, 46.0], [53.5, 55.0]]","[[45.0, 46.1], [53.7, 55.2]]"
continuation_minus_RBEE,public,rbee_seed1,continue_rbee_seed1,95,sXSDR4qLkuQ_120_180.wav,bull bellowing,-0.11041911130336265,"[[57.51, 59.965]]","[[57.51, 59.01]]","[[31.6, 36.1], [47.0, 48.0], [57.6, 59.9]]"
continuation_minus_RBEE,public,rbee_seed1,continue_rbee_seed1,100,LVp7zH3yCi0_60_120.wav,cat meowing,-0.0340331310480565,"[[29.65, 33.0], [45.4, 46.4], [54.7, 55.7], [58.3, 59.3]]","[[29.65, 33.0], [45.4, 46.4], [54.75, 55.75], [58.375, 59.375]]","[[29.5, 33.0], [45.4, 46.2], [54.6, 55.6], [58.2, 59.0]]"
continuation_minus_RBEE,public,rbee_seed1,continue_rbee_seed1,115,EuHy_Vpx514_0_60.wav,engine knocking,-0.006565434576480733,"[[5.51, 11.738]]","[[5.51, 11.783]]","[[5.7, 11.4]]"
continuation_minus_RBEE,public,rbee_seed1,continue_rbee_seed1,119,RyUAFrXu5ng_80_140.wav,fire truck siren,-0.03328658941619311,"[[32.902, 59.902]]","[[32.902, 59.0]]","[[33.4, 60.0]]"
continuation_minus_RBEE,public,rbee_seed1,continue_rbee_seed1,125,vGIs0GU1V6M_0_60.wav,hair dryer drying,-0.0006236673059903386,"[[51.51, 55.965]]","[[51.51, 56.01]]","[[17.9, 24.3], [34.9, 36.7], [44.6, 49.2], [51.4, 55.7]]"
continuation_minus_RBEE,public,rbee_seed1,continue_rbee_seed1,126,vGIs0GU1V6M_90_150.wav,hair dryer drying,-0.09999999999999998,"[[0.0, 10.0], [15.0, 50.0]]","[[0.0, 10.0], [15.0, 19.0], [22.0, 26.0], [30.0, 35.0], [40.0, 45.0], [48.0, 50.0]]","[[0.0, 8.3], [31.3, 50.0]]"
continuation_minus_RBEE,public,rbee_seed1,continue_rbee_seed1,131,OZVfvDBbwdI_556_587.wav,kid speaking,-0.002339995730898603,"[[5.701, 17.624], [21.624, 26.402]]","[[5.701, 17.701], [21.601, 26.401]]","[[9.3, 17.5], [21.5, 26.7], [5.6, 6.7]]"
continuation_minus_RBEE,public,rbee_seed1,continue_rbee_seed1,135,OMkEVX23BdM_0_31.wav,lions roaring,-0.18489968424141812,"[[19.235, 27.513]]","[[19.291, 21.513], [23.013, 27.013]]","[[19.4, 23.6], [24.4, 29.9]]"
continuation_minus_RBEE,public,rbee_seed1,continue_rbee_seed1,149,l22_mm7qDoI_0_60.wav,people cheering,-0.0003834876269227516,"[[36.902, 39.513], [48.513, 51.513]]","[[36.902, 39.51], [48.51, 51.51]]","[[10.0, 20.0], [37.2, 41.0], [48.7, 52.3]]"
continuation_minus_RBEE,public,rbee_seed1,continue_rbee_seed1,160,kw6sagBOLw0_0_57.wav,people nose blowing,-0.0286422038327524,"[[4.0, 8.0], [11.75, 12.75], [36.9, 38.0], [46.9, 49.0]]","[[4.302, 8.0], [11.702, 12.702], [36.902, 38.0], [46.902, 49.0]]","[[1.7, 7.6]]"
continuation_minus_RBEE,public,rbee_seed1,continue_rbee_seed1,164,goaBcQ9Nb8k_60_90.wav,people shouting,-0.10769230769230864,"[[21.0, 22.5]]","[[21.0, 22.0]]","[[21.1, 22.3]]"
continuation_minus_RBEE,public,rbee_seed1,continue_rbee_seed1,175,k-dhOJF2MuY_280_325.wav,people whispering,-0.0030241935483872884,"[[1.5, 2.5], [11.7, 23.5], [27.3, 29.0], [30.7, 34.5], [36.9, 39.5], [41.2, 44.9]]","[[1.601, 2.601], [11.701, 23.701], [27.301, 29.301], [30.801, 34.801], [36.901, 39.801], [41.201, 44.901]]","[[14.9, 23.7]]"
continuation_minus_RBEE,public,rbee_seed1,continue_rbee_seed1,176,XKfTTHqbk-4_0_43.wav,people whistling,-0.031919191919192236,"[[13.201, 14.201], [25.5, 26.5], [39.124, 41.5]]","[[13.3, 14.3], [25.6, 26.6], [39.2, 41.6]]","[[13.3, 14.2], [25.7, 26.4], [39.1, 40.0], [40.9, 41.4]]"
continuation_minus_RBEE,public,rbee_seed1,continue_rbee_seed1,180,BBz-Jyr23M4_387_447.wav,playing acoustic guitar,-0.007411809758059551,"[[34.874, 36.0], [44.5, 48.0]]","[[34.802, 36.0], [44.5, 48.0]]","[[44.7, 49.0]]"
continuation_minus_RBEE,public,rbee_seed1,continue_rbee_seed1,191,ApUqq2bp87o_342_432.wav,playing clarinet,-0.04999999999999993,"[[10.51, 20.51]]","[[10.5, 20.0]]","[[10.6, 13.0], [14.3, 15.7], [16.9, 18.1], [19.5, 20.5]]"
continuation_minus_RBEE,public,rbee_seed1,continue_rbee_seed1,200,eZOya7BqOc0_270_330.wav,playing flute,-0.007777777777776995,"[[43.659, 47.846]]","[[43.65, 47.802]]","[[43.5, 44.9], [46.2, 48.0]]"
continuation_minus_RBEE,public,rbee_seed1,continue_rbee_seed1,223,j5hZ5ombwns_180_240.wav,playing trumpet,-0.1351351351351351,"[[47.0, 50.5]]","[[47.0, 50.0]]","[[47.1, 50.7]]"
continuation_minus_RBEE,public,rbee_seed1,continue_rbee_seed1,229,q8PSwyIEkj4_104_164.wav,playing zither,-0.0005781015146258395,"[[36.402, 52.01]]","[[36.402, 52.0]]","[[41.4, 44.8], [50.2, 53.7]]"
continuation_minus_RBEE,public,rbee_seed1,continue_rbee_seed1,236,1-KvIEU03yc_320_380.wav,rope skipping,-0.0023830888472743395,"[[10.659, 18.013], [26.238, 35.124]]","[[10.65, 18.0], [26.2, 35.0]]","[[10.6, 19.7], [25.0, 35.1]]"
continuation_minus_RBEE,public,rbee_seed1,continue_rbee_seed1,279,s9d-2nhuJCQ_30_90.wav,people clapping,-0.023371506794430893,"[[0.0, 59.902]]","[[0.0, 5.0]]","[[7.3, 8.7]]"
continuation_minus_RBEE,public,rbee_seed1,continue_rbee_seed1,285,rFZO-JoyfnA_65_125.wav,playing accordion,-0.001825174369337046,"[[44.659, 57.902]]","[[44.659, 57.874]]","[[48.7, 60.0]]"
continuation_minus_RBEE,public,rbee_seed1,continue_rbee_seed1,294,Jd0xfgwofkQ_140_220.wav,playing cello,-0.01824847345486824,"[[72.874, 79.965]]","[[72.802, 79.902]]","[[73.2, 80.0]]"
continuation_minus_RBEE,public,rbee_seed1,continue_rbee_seed1,298,vqOmk5fQM68_190_240.wav,playing clarinet,-0.023097725879229314,"[[23.701, 25.0], [39.601, 40.601], [48.5, 49.5]]","[[23.75, 25.0], [39.624, 40.624], [48.5, 49.5]]","[[23.6, 24.9], [39.6, 40.5], [48.9, 49.9]]"
continuation_minus_RBEE,public,rbee_seed1,continue_rbee_seed1,306,hNKFL02U8W4_120_180.wav,playing erhu,-0.04739642839738223,"[[29.902, 31.51], [50.902, 53.51]]","[[30.0, 34.0], [50.902, 53.5]]","[[30.2, 31.5], [33.2, 34.2], [51.0, 53.4]]"
continuation_minus_RBEE,public,rbee_seed1,continue_rbee_seed1,312,hpvneTcHaEI_20_80.wav,playing harmonica,-0.13157894736842102,"[[10.0, 11.0], [15.0, 16.0], [20.0, 21.0], [25.0, 26.0], [33.0, 34.0], [47.0, 48.0]]","[[46.51, 50.51]]","[[33.0, 35.6]]"
continuation_minus_RBEE,public,rbee_seed1,continue_rbee_seed1,326,u2c41xBR9L4_120_180.wav,playing synthesizer,-0.002314500039799605,"[[49.457, 59.902]]","[[49.402, 59.902]]","[[49.5, 50.6], [52.4, 53.9], [55.7, 56.9], [59.0, 60.0]]"
continuation_minus_RBEE,public,rbee_seed1,continue_rbee_seed1,342,awNdAWg1oik_230_290.wav,playing zither,-0.06999999999999951,"[[10.101, 12.51], [46.01, 48.51]]","[[10.15, 12.5], [46.0, 48.0]]","[[9.9, 12.4], [46.1, 48.4]]"
continuation_minus_RBEE,public,rbee_seed1,continue_rbee_seed1,343,hnsC3mxVZf8_15_75.wav,playing zither,-0.004905407099639936,"[[37.957, 44.51]]","[[37.902, 44.51]]","[[38.4, 40.0], [40.6, 42.1], [43.4, 44.8]]"
continuation_minus_RBEE,public,rbee_seed1,continue_rbee_seed1,347,DIkH3opVS8o_0_30.wav,thunder,-0.014705882352941457,"[[26.701, 29.901]]","[[26.75, 29.9]]","[[26.6, 30.0]]"
continuation_minus_RBEE,public,rbee_seed1,continue_rbee_seed1,348,qiV8azj6bDY_360_420.wav,train horning,-0.2672025467568633,"[[50.0, 52.5]]","[[50.659, 52.513]]","[[50.0, 52.4]]"
continuation_minus_RBEE,public,rbee_seed1,continue_rbee_seed1,370,KZU9oEtNxY8_0_60.wav,playing banjo,-0.026340682188548126,"[[13.65, 16.802]]","[[13.65, 16.902]]","[[13.8, 16.5]]"
continuation_minus_RBEE,public,rbee_seed1,continue_rbee_seed1,372,GDE8R51FqJw_145_190.wav,hammering nails,-0.030670294335889303,"[[4.457, 6.0], [12.5, 14.5]]","[[4.457, 6.0], [12.624, 14.5]]","[[4.5, 6.4], [12.5, 14.6]]"
continuation_minus_RBEE,public,rbee_seed1,continue_rbee_seed1,373,9EnPEkBCzeo_60_120.wav,hammering nails,-0.15873015873015855,"[[19.0, 20.0], [42.0, 46.0]]","[[19.0, 20.0], [42.0, 45.0]]","[[40.8, 46.1]]"
continuation_minus_RBEE,public,rbee_seed1,continue_rbee_seed1,377,B5Ban9347es_0_36.wav,beat boxing,-0.07198755751094299,"[[4.51, 8.01], [23.965, 27.01]]","[[4.51, 8.01], [23.374, 27.01]]","[[4.8, 8.2], [24.2, 27.0]]"
continuation_minus_RBEE,public,rbee_seed1,continue_rbee_seed1,380,pPNdzlgkG3M_110_170.wav,playing clarinet,-0.028222619768455193,"[[7.701, 10.0], [23.5, 26.5], [44.5, 47.0]]","[[7.701, 10.0], [23.5, 26.5], [44.5, 47.5]]","[[7.9, 9.9], [23.7, 25.9], [44.6, 47.1]]"
continuation_minus_RBEE,public,rbee_seed1,continue_rbee_seed1,394,kKsT1xzVLDk_115_145.wav,people whispering,-0.013225691021194752,"[[11.902, 13.5], [19.25, 20.25]]","[[11.802, 13.5], [19.201, 20.201]]","[[0.0, 1.0], [12.0, 13.5], [19.1, 20.8]]"
continuation_minus_RBEE,public,rbee_seed2,continue_rbee_seed2,16,b62RgDBmly8_0_58.wav,female singing,-0.014271064775252251,"[[48.735, 57.902]]","[[48.902, 57.902]]","[[46.2, 52.2]]"
continuation_minus_RBEE,public,rbee_seed2,continue_rbee_seed2,21,5VElNpaNPoo_0_60.wav,baby babbling,-0.1266666666666666,"[[41.51, 44.01]]","[[41.51, 44.51]]","[[42.0, 43.9]]"
continuation_minus_RBEE,public,rbee_seed2,continue_rbee_seed2,32,gBWmcmIfN98_0_60.wav,people clapping,-0.08280833551407907,"[[3.735, 5.902]]","[[3.302, 6.0]]","[[3.7, 5.7], [24.2, 25.0]]"
continuation_minus_RBEE,public,rbee_seed2,continue_rbee_seed2,44,Lx4poQw1mZo_124_174.wav,chainsawing trees,-0.025101763907733776,"[[41.65, 45.402]]","[[41.65, 45.5]]","[[41.7, 45.4]]"
continuation_minus_RBEE,public,rbee_seed2,continue_rbee_seed2,67,yIx3ml9_nsQ_40_90.wav,people sneezing,-0.13333333333333286,"[[24.51, 25.51], [32.51, 33.51]]","[[24.51, 25.51], [32.51, 33.51], [46.51, 47.51]]","[[24.6, 25.4]]"
continuation_minus_RBEE,public,rbee_seed2,continue_rbee_seed2,74,QBMDnMRwQCc_30_90.wav,helicopter,-0.00013070008167545555,"[[44.659, 57.51]]","[[44.65, 57.51]]","[[44.9, 47.3]]"
continuation_minus_RBEE,public,rbee_seed2,continue_rbee_seed2,76,USlCCt8En7A_5_45.wav,baby laughter,-0.016261994159365883,"[[1.402, 6.0]]","[[1.4, 6.4]]","[[1.3, 2.4]]"
continuation_minus_RBEE,public,rbee_seed2,continue_rbee_seed2,80,VQc-haIJXSM_437_460.wav,ambulance siren,-0.031168831168831068,"[[12.0, 14.8]]","[[12.0, 15.0]]","[[11.5, 13.8]]"
continuation_minus_RBEE,public,rbee_seed2,continue_rbee_seed2,90,mhVsO7wVIfk_140_200.wav,basketball bounce,-0.07781775011691938,"[[41.902, 52.01]]","[[41.902, 52.902]]","[[42.2, 51.9]]"
continuation_minus_RBEE,public,rbee_seed2,continue_rbee_seed2,95,sXSDR4qLkuQ_120_180.wav,bull bellowing,-0.11041911130336265,"[[57.51, 59.965]]","[[57.51, 59.01]]","[[31.6, 36.1], [47.0, 48.0], [57.6, 59.9]]"
continuation_minus_RBEE,public,rbee_seed2,continue_rbee_seed2,113,6_VlZuPDOSM_150_210.wav,driving motorcycle,-1.969521767708482e-05,"[[18.124, 26.513], [50.374, 56.513]]","[[18.124, 26.51], [50.374, 56.51]]","[[19.1, 26.2], [50.4, 56.6]]"
continuation_minus_RBEE,public,rbee_seed2,continue_rbee_seed2,119,RyUAFrXu5ng_80_140.wav,fire truck siren,-0.03328658941619311,"[[32.902, 59.902]]","[[32.902, 59.0]]","[[33.4, 60.0]]"
continuation_minus_RBEE,public,rbee_seed2,continue_rbee_seed2,132,OZVfvDBbwdI_1020_1060.wav,kid speaking,-0.005779749524856714,"[[0.0, 3.124], [30.291, 33.0], [35.874, 37.0]]","[[0.0, 3.124], [30.291, 33.0], [35.817, 37.0]]","[[0.0, 3.2], [30.3, 34.1], [35.9, 37.1]]"
continuation_minus_RBEE,public,rbee_seed2,continue_rbee_seed2,138,FidGPhNC4sc_0_60.wav,machine gun shooting,-0.005029428620811904,"[[37.902, 49.51], [57.124, 59.957]]","[[37.902, 49.51], [57.238, 59.902]]","[[38.0, 41.9], [43.3, 44.4], [45.6, 49.8], [57.0, 58.9]]"
continuation_minus_RBEE,public,rbee_seed2,continue_rbee_seed2,149,l22_mm7qDoI_0_60.wav,people cheering,-0.0011238216841389925,"[[36.735, 39.009], [48.509, 51.509]]","[[36.735, 39.0], [48.5, 51.5]]","[[10.0, 20.0], [37.2, 41.0], [48.7, 52.3]]"
continuation_minus_RBEE,public,rbee_seed2,continue_rbee_seed2,150,l22_mm7qDoI_79_139.wav,people cheering,-0.008703177898644499,"[[7.235, 13.624], [28.457, 31.457]]","[[7.235, 13.624], [28.346, 31.346]]","[[7.4, 13.6], [29.1, 40.6]]"
continuation_minus_RBEE,public,rbee_seed2,continue_rbee_seed2,160,kw6sagBOLw0_0_57.wav,people nose blowing,-0.0286422038327524,"[[4.0, 8.0], [11.7, 12.7], [36.9, 38.0], [46.9, 49.0]]","[[4.302, 8.0], [11.702, 12.702], [36.902, 38.0], [46.902, 49.0]]","[[1.7, 7.6]]"
continuation_minus_RBEE,public,rbee_seed2,continue_rbee_seed2,169,IMu64HnPEt8_0_60.wav,people slurping,-0.0018038221528857423,"[[41.701, 42.701], [53.5, 54.5]]","[[41.735, 42.735], [53.51, 54.51]]","[[36.4, 40.6], [53.3, 54.5]]"
continuation_minus_RBEE,public,rbee_seed2,continue_rbee_seed2,174,k-dhOJF2MuY_120_162.wav,people whispering,-0.0129553675796924,"[[5.0, 7.902], [13.5, 17.0], [21.7, 28.0], [31.9, 33.9], [36.2, 37.2], [39.8, 40.8]]","[[5.0, 7.902], [13.5, 17.5], [21.701, 28.0], [31.902, 33.902], [36.201, 37.201], [39.8, 40.8]]","[[5.6, 7.8], [21.8, 34.1], [36.3, 37.5], [40.0, 40.6]]"
continuation_minus_RBEE,public,rbee_seed2,continue_rbee_seed2,175,k-dhOJF2MuY_280_325.wav,people whispering,-0.004089234381958684,"[[1.601, 2.601], [11.701, 23.601], [27.301, 29.001], [30.801, 34.501], [36.901, 39.501], [41.201, 44.901]]","[[1.601, 2.601], [11.701, 23.5], [27.3, 29.0], [30.8, 34.5], [36.9, 39.5], [41.2, 44.9]]","[[14.9, 23.7]]"
continuation_minus_RBEE,public,rbee_seed2,continue_rbee_seed2,188,-ds37ADTopw_4_82.wav,playing cello,-0.00497976458106375,"[[8.659, 35.0]]","[[8.51, 35.01]]","[[8.8, 35.6]]"
continuation_minus_RBEE,public,rbee_seed2,continue_rbee_seed2,198,kA59yNSvfa8_122_182.wav,playing erhu,-0.030493806771263232,"[[15.402, 27.51]]","[[15.0, 27.5]]","[[15.4, 27.3]]"
continuation_minus_RBEE,public,rbee_seed2,continue_rbee_seed2,200,eZOya7BqOc0_270_330.wav,playing flute,-0.007777777777776995,"[[43.659, 47.846]]","[[43.65, 47.802]]","[[43.5, 44.9], [46.2, 48.0]]"
continuation_minus_RBEE,public,rbee_seed2,continue_rbee_seed2,218,r1KRhB4QeCg_81_91.wav,playing tennis,-0.07382158161277741,"[[1.58, 2.2], [5.0, 5.6], [7.4, 8.0], [8.3, 8.9], [9.5, 10.0]]","[[1.5, 2.5], [5.0, 5.5], [7.4, 8.0], [8.3, 8.9], [9.5, 10.0]]","[[1.8, 2.1], [5.1, 5.7], [8.3, 8.7]]"
continuation_minus_RBEE,public,rbee_seed2,continue_rbee_seed2,220,TflgyCIZEYM_131_170.wav,playing trombone,-0.017456773264933112,"[[15.588, 20.0]]","[[15.5, 20.0]]","[[15.7, 20.2]]"
continuation_minus_RBEE,public,rbee_seed2,continue_rbee_seed2,236,1-KvIEU03yc_320_380.wav,rope skipping,-0.010416666666666852,"[[10.65, 18.0], [26.0, 35.0]]","[[10.65, 18.0], [26.2, 35.0]]","[[10.6, 19.7], [25.0, 35.1]]"
continuation_minus_RBEE,public,rbee_seed2,continue_rbee_seed2,259,yTA0nmQVfq4_0_33.wav,train wheels squealing,-0.005555555555555869,"[[9.402, 19.124]]","[[9.457, 19.124]]","[[9.4, 19.3]]"
continuation_minus_RBEE,public,rbee_seed2,continue_rbee_seed2,279,s9d-2nhuJCQ_30_90.wav,people clapping,-0.023371506794430893,"[[0.0, 59.902]]","[[0.0, 5.0]]","[[7.3, 8.7]]"
continuation_minus_RBEE,public,rbee_seed2,continue_rbee_seed2,288,WN4IoK7ecAU_300_380.wav,playing acoustic guitar,-0.019110430162484426,"[[32.51, 46.01], [48.965, 50.01], [53.51, 55.01], [58.51, 60.01], [63.51, 65.01], [67.51, 69.01], [72.51, 74.0]]","[[32.51, 46.01], [48.965, 50.01], [53.51, 55.01], [58.51, 60.01], [63.51, 65.01], [67.51, 69.01], [72.51, 75.0]]","[[33.1, 36.0], [38.1, 41.6], [42.6, 45.9]]"
continuation_minus_RBEE,public,rbee_seed2,continue_rbee_seed2,289,ZGYN5mMXpFM_0_25.wav,playing banjo,-0.019215686274509758,"[[2.0, 7.0]]","[[1.9, 7.0]]","[[2.1, 7.0]]"
continuation_minus_RBEE,public,rbee_seed2,continue_rbee_seed2,294,Jd0xfgwofkQ_140_220.wav,playing cello,-0.01824847345486824,"[[72.874, 79.965]]","[[72.802, 79.902]]","[[73.2, 80.0]]"
continuation_minus_RBEE,public,rbee_seed2,continue_rbee_seed2,324,X5wA7DSspmc_70_130.wav,playing snare drum,-0.012499999999999956,"[[40.902, 43.0], [49.0, 51.0]]","[[40.957, 43.0], [49.0, 51.0]]","[[40.8, 43.2], [49.0, 50.9]]"
continuation_minus_RBEE,public,rbee_seed2,continue_rbee_seed2,332,uDbZvKBd-sk_90_150.wav,playing trombone,-0.004835958005251051,"[[52.791, 56.124]]","[[52.791, 56.51]]","[[52.7, 56.3]]"
continuation_minus_RBEE,public,rbee_seed2,continue_rbee_seed2,335,fBgbJcDjsLs_25_68.wav,playing trumpet,-0.017689906347554518,"[[20.874, 24.374], [33.238, 36.874]]","[[20.874, 24.238], [33.238, 36.874]]","[[20.9, 24.9], [33.5, 36.9]]"
continuation_minus_RBEE,public,rbee_seed2,continue_rbee_seed2,336,uvBbvPUfYfE_19_79.wav,playing ukulele,-0.004520087912229798,"[[15.902, 18.01], [36.01, 41.01], [50.01, 52.01]]","[[15.874, 18.0], [36.0, 41.0], [50.0, 52.0]]","[[16.1, 18.7], [36.2, 41.3], [50.1, 51.8], [59.2, 60.0]]"
continuation_minus_RBEE,public,rbee_seed2,continue_rbee_seed2,340,28YVOGk5uGY_50_110.wav,playing violin,-0.05154639175257736,"[[15.5, 19.0], [35.3, 41.3]]","[[15.5, 18.5], [35.3, 41.3]]","[[15.6, 19.2]]"
continuation_minus_RBEE,public,rbee_seed2,continue_rbee_seed2,342,awNdAWg1oik_230_290.wav,playing zither,-0.06999999999999951,"[[10.101, 12.51], [46.01, 48.51]]","[[10.15, 12.5], [46.0, 48.0]]","[[9.9, 12.4], [46.1, 48.4]]"
continuation_minus_RBEE,public,rbee_seed2,continue_rbee_seed2,347,DIkH3opVS8o_0_30.wav,thunder,-0.014705882352941457,"[[26.701, 29.901]]","[[26.75, 29.9]]","[[26.6, 30.0]]"
continuation_minus_RBEE,public,rbee_seed2,continue_rbee_seed2,348,qiV8azj6bDY_360_420.wav,train horning,-0.014772267872400824,"[[50.624, 52.51]]","[[50.659, 52.513]]","[[50.0, 52.4]]"
continuation_minus_RBEE,public,rbee_seed2,continue_rbee_seed2,356,YScsKu7Txnw_251_311.wav,water burbling,-0.3478947742817505,"[[0.0, 5.902], [19.0, 20.0], [31.0, 32.0], [38.5, 40.0], [42.5, 43.5]]","[[0.0, 5.902], [19.0, 42.5]]","[[0.0, 5.6]]"
continuation_minus_RBEE,public,rbee_seed2,continue_rbee_seed2,360,MVqxKEaQHM0_148_208.wav,playing ukulele,-0.0031022551008226262,"[[44.51, 46.01], [49.51, 50.51], [53.51, 54.51], [59.01, 60.0]]","[[44.5, 46.0], [49.0, 50.0], [53.5, 54.5], [59.0, 60.0]]","[[44.6, 46.2], [56.6, 57.7], [59.1, 60.0]]"
continuation_minus_RBEE,public,rbee_seed2,continue_rbee_seed2,373,9EnPEkBCzeo_60_120.wav,hammering nails,-0.15873015873015855,"[[19.0, 20.0], [42.0, 46.0]]","[[19.0, 20.0], [42.0, 45.0]]","[[40.8, 46.1]]"
continuation_minus_RBEE,public,rbee_seed2,continue_rbee_seed2,380,pPNdzlgkG3M_110_170.wav,playing clarinet,-0.028222619768455193,"[[7.701, 10.0], [23.5, 26.5], [44.5, 47.0]]","[[7.701, 10.0], [23.5, 26.5], [44.5, 47.5]]","[[7.9, 9.9], [23.7, 25.9], [44.6, 47.1]]"
continuation_minus_RBEE,public,rbee_seed2,continue_rbee_seed2,397,J6_-SaW_GUE_0_60.wav,basketball bounce,-0.5,"[[34.0, 36.0]]","[[34.0, 35.0]]","[[34.3, 36.0]]"
